Image Name,Post Renaissance Art,Modern Art,Contemporary Art,Renaissance Art
0.jpg,0,1,0,0
1.jpg,0,1,0,0
2.jpg,0,1,0,0
3.jpg,0,1,0,0
4.jpg,1,0,0,0
5.jpg,0,1,0,0
6.jpg,1,0,0,0
7.jpg,1,0,0,0
8.jpg,0,0,1,0
9.jpg,0,0,1,0
10.jpg,0,1,0,0
11.jpg,1,0,0,0
12.jpg,0,1,0,0
13.jpg,0,1,0,0
14.jpg,0,1,0,0
15.jpg,0,0,0,1
16.jpg,1,0,0,0
17.jpg,0,1,0,0
18.jpg,0,1,0,0
19.jpg,0,0,1,0
20.jpg,0,1,0,0
21.jpg,1,0,0,0
22.jpg,1,0,0,0
23.jpg,0,1,0,0
24.jpg,0,1,0,0
25.jpg,0,1,0,0
26.jpg,0,0,1,0
27.jpg,0,1,0,0
28.jpg,0,1,0,0
29.jpg,0,0,1,0
30.jpg,0,1,0,0
31.jpg,1,0,0,0
32.jpg,1,0,0,0
33.jpg,1,0,0,0
34.jpg,0,1,0,0
35.jpg,1,0,0,0
36.jpg,1,0,0,0
37.jpg,0,0,0,1
38.jpg,0,1,0,0
39.jpg,0,1,0,0
40.jpg,0,1,0,0
41.jpg,0,1,0,0
42.jpg,0,1,0,0
43.jpg,0,1,0,0
44.jpg,0,1,0,0
45.jpg,0,1,0,0
46.jpg,0,1,0,0
47.jpg,0,0,0,1
48.jpg,1,0,0,0
49.jpg,0,1,0,0
50.jpg,0,1,0,0
51.jpg,0,1,0,0
52.jpg,0,1,0,0
53.jpg,1,0,0,0
54.jpg,0,1,0,0
55.jpg,1,0,0,0
56.jpg,1,0,0,0
57.jpg,0,0,0,1
58.jpg,1,0,0,0
59.jpg,0,0,0,1
60.jpg,0,1,0,0
61.jpg,0,1,0,0
62.jpg,0,1,0,0
63.jpg,0,1,0,0
64.jpg,1,0,0,0
65.jpg,1,0,0,0
66.jpg,0,0,0,1
67.jpg,0,1,0,0
68.jpg,0,0,0,1
69.jpg,0,0,0,1
70.jpg,0,1,0,0
71.jpg,0,1,0,0
72.jpg,1,0,0,0
73.jpg,1,0,0,0
74.jpg,1,0,0,0
75.jpg,0,1,0,0
76.jpg,1,0,0,0
77.jpg,0,1,0,0
78.jpg,0,1,0,0
79.jpg,0,1,0,0
80.jpg,0,1,0,0
81.jpg,0,1,0,0
82.jpg,0,0,0,1
83.jpg,0,1,0,0
84.jpg,0,1,0,0
85.jpg,0,1,0,0
86.jpg,1,0,0,0
87.jpg,1,0,0,0
88.jpg,0,0,0,1
89.jpg,0,1,0,0
90.jpg,0,1,0,0
91.jpg,1,0,0,0
92.jpg,1,0,0,0
93.jpg,0,1,0,0
94.jpg,1,0,0,0
95.jpg,0,1,0,0
96.jpg,0,1,0,0
97.jpg,0,1,0,0
98.jpg,0,1,0,0
99.jpg,0,1,0,0
100.jpg,0,1,0,0
101.jpg,0,1,0,0
102.jpg,0,1,0,0
103.jpg,1,0,0,0
104.jpg,1,0,0,0
105.jpg,1,0,0,0
106.jpg,0,0,1,0
107.jpg,0,1,0,0
108.jpg,0,1,0,0
109.jpg,0,0,0,1
110.jpg,0,1,0,0
111.jpg,0,1,0,0
112.jpg,1,0,0,0
113.jpg,1,0,0,0
114.jpg,0,1,0,0
115.jpg,0,1,0,0
116.jpg,0,1,0,0
117.jpg,0,0,1,0
118.jpg,1,0,0,0
119.jpg,0,1,0,0
120.jpg,0,1,0,0
121.jpg,0,1,0,0
122.jpg,1,0,0,0
123.jpg,1,0,0,0
124.jpg,0,0,0,1
125.jpg,0,1,0,0
126.jpg,0,1,0,0
127.jpg,0,1,0,0
128.jpg,0,0,1,0
129.jpg,1,0,0,0
130.jpg,0,0,1,0
131.jpg,1,0,0,0
132.jpg,0,0,1,0
133.jpg,0,1,0,0
134.jpg,1,0,0,0
135.jpg,1,0,0,0
136.jpg,0,1,0,0
137.jpg,1,0,0,0
138.jpg,0,1,0,0
139.jpg,0,1,0,0
140.jpg,0,1,0,0
141.jpg,0,1,0,0
142.jpg,0,0,0,1
143.jpg,0,1,0,0
144.jpg,1,0,0,0
145.jpg,0,1,0,0
146.jpg,1,0,0,0
147.jpg,0,1,0,0
148.jpg,0,1,0,0
149.jpg,0,1,0,0
150.jpg,0,1,0,0
151.jpg,1,0,0,0
152.jpg,1,0,0,0
153.jpg,0,1,0,0
154.jpg,0,1,0,0
155.jpg,0,1,0,0
156.jpg,0,1,0,0
157.jpg,1,0,0,0
158.jpg,0,1,0,0
159.jpg,1,0,0,0
160.jpg,0,1,0,0
161.jpg,0,1,0,0
162.jpg,0,1,0,0
163.jpg,0,1,0,0
164.jpg,1,0,0,0
165.jpg,0,0,0,1
166.jpg,0,1,0,0
167.jpg,0,1,0,0
168.jpg,1,0,0,0
169.jpg,0,1,0,0
170.jpg,0,1,0,0
171.jpg,0,1,0,0
172.jpg,0,1,0,0
173.jpg,0,1,0,0
174.jpg,0,1,0,0
175.jpg,1,0,0,0
176.jpg,0,1,0,0
177.jpg,0,1,0,0
178.jpg,1,0,0,0
179.jpg,0,1,0,0
180.jpg,1,0,0,0
181.jpg,0,1,0,0
182.jpg,1,0,0,0
183.jpg,0,1,0,0
184.jpg,1,0,0,0
185.jpg,0,0,1,0
186.jpg,0,1,0,0
187.jpg,1,0,0,0
188.jpg,1,0,0,0
189.jpg,0,1,0,0
190.jpg,0,0,0,1
191.jpg,0,1,0,0
192.jpg,0,1,0,0
193.jpg,1,0,0,0
194.jpg,1,0,0,0
195.jpg,0,1,0,0
196.jpg,0,1,0,0
197.jpg,0,1,0,0
198.jpg,0,1,0,0
199.jpg,0,1,0,0
200.jpg,1,0,0,0
201.jpg,0,1,0,0
202.jpg,0,0,0,1
203.jpg,1,0,0,0
204.jpg,0,0,1,0
205.jpg,0,1,0,0
206.jpg,0,1,0,0
207.jpg,0,0,0,1
208.jpg,0,1,0,0
209.jpg,0,1,0,0
210.jpg,0,1,0,0
211.jpg,0,1,0,0
212.jpg,0,1,0,0
213.jpg,0,1,0,0
214.jpg,0,0,1,0
215.jpg,0,1,0,0
216.jpg,0,1,0,0
217.jpg,0,1,0,0
218.jpg,0,1,0,0
219.jpg,0,1,0,0
220.jpg,0,0,0,1
221.jpg,0,1,0,0
222.jpg,0,1,0,0
223.jpg,0,1,0,0
224.jpg,0,1,0,0
225.jpg,1,0,0,0
226.jpg,0,1,0,0
227.jpg,0,1,0,0
228.jpg,0,1,0,0
229.jpg,1,0,0,0
230.jpg,1,0,0,0
231.jpg,0,1,0,0
232.jpg,0,1,0,0
233.jpg,0,1,0,0
234.jpg,1,0,0,0
235.jpg,0,1,0,0
236.jpg,1,0,0,0
237.jpg,1,0,0,0
238.jpg,0,1,0,0
239.jpg,0,1,0,0
240.jpg,0,1,0,0
241.jpg,0,1,0,0
242.jpg,0,1,0,0
243.jpg,0,1,0,0
244.jpg,0,1,0,0
245.jpg,1,0,0,0
246.jpg,0,0,0,1
247.jpg,0,1,0,0
248.jpg,1,0,0,0
249.jpg,1,0,0,0
250.jpg,1,0,0,0
251.jpg,0,1,0,0
252.jpg,1,0,0,0
253.jpg,0,1,0,0
254.jpg,0,1,0,0
255.jpg,0,0,1,0
256.jpg,0,0,0,1
257.jpg,0,1,0,0
258.jpg,0,0,0,1
259.jpg,0,1,0,0
260.jpg,1,0,0,0
261.jpg,0,0,0,1
262.jpg,0,1,0,0
263.jpg,1,0,0,0
264.jpg,0,1,0,0
265.jpg,1,0,0,0
266.jpg,0,1,0,0
267.jpg,0,1,0,0
268.jpg,0,1,0,0
269.jpg,0,1,0,0
270.jpg,0,1,0,0
271.jpg,0,0,0,1
272.jpg,1,0,0,0
273.jpg,0,0,0,1
274.jpg,0,0,1,0
275.jpg,0,1,0,0
276.jpg,0,1,0,0
277.jpg,1,0,0,0
278.jpg,0,0,0,1
279.jpg,0,1,0,0
280.jpg,0,0,0,1
281.jpg,0,0,0,1
282.jpg,0,1,0,0
283.jpg,0,1,0,0
284.jpg,0,1,0,0
285.jpg,0,1,0,0
286.jpg,0,1,0,0
287.jpg,1,0,0,0
288.jpg,0,0,1,0
289.jpg,1,0,0,0
290.jpg,0,0,0,1
291.jpg,0,0,0,1
292.jpg,0,1,0,0
293.jpg,0,0,0,1
294.jpg,0,0,0,1
295.jpg,0,0,0,1
296.jpg,0,1,0,0
297.jpg,0,1,0,0
298.jpg,0,1,0,0
299.jpg,0,1,0,0
300.jpg,0,1,0,0
301.jpg,0,1,0,0
302.jpg,0,0,1,0
303.jpg,0,1,0,0
304.jpg,1,0,0,0
305.jpg,0,1,0,0
306.jpg,0,0,0,1
307.jpg,0,0,1,0
308.jpg,0,1,0,0
309.jpg,0,1,0,0
310.jpg,0,1,0,0
311.jpg,0,0,0,1
312.jpg,1,0,0,0
313.jpg,0,0,0,1
314.jpg,0,1,0,0
315.jpg,0,1,0,0
316.jpg,1,0,0,0
317.jpg,0,0,0,1
318.jpg,1,0,0,0
319.jpg,1,0,0,0
320.jpg,1,0,0,0
321.jpg,0,1,0,0
322.jpg,1,0,0,0
323.jpg,0,1,0,0
324.jpg,0,1,0,0
325.jpg,1,0,0,0
326.jpg,0,1,0,0
327.jpg,0,1,0,0
328.jpg,0,0,0,1
329.jpg,0,1,0,0
330.jpg,0,1,0,0
331.jpg,1,0,0,0
332.jpg,0,1,0,0
333.jpg,0,1,0,0
334.jpg,0,0,0,1
335.jpg,0,1,0,0
336.jpg,0,1,0,0
337.jpg,1,0,0,0
338.jpg,0,0,0,1
339.jpg,0,1,0,0
340.jpg,0,1,0,0
341.jpg,1,0,0,0
342.jpg,0,1,0,0
343.jpg,1,0,0,0
344.jpg,0,1,0,0
345.jpg,0,1,0,0
346.jpg,1,0,0,0
347.jpg,0,1,0,0
348.jpg,0,0,1,0
349.jpg,0,1,0,0
350.jpg,1,0,0,0
351.jpg,0,1,0,0
352.jpg,0,1,0,0
353.jpg,0,0,0,1
354.jpg,0,1,0,0
355.jpg,1,0,0,0
356.jpg,0,1,0,0
357.jpg,0,1,0,0
358.jpg,0,0,0,1
359.jpg,0,1,0,0
360.jpg,0,1,0,0
361.jpg,0,1,0,0
362.jpg,0,1,0,0
363.jpg,0,1,0,0
364.jpg,0,1,0,0
365.jpg,1,0,0,0
366.jpg,1,0,0,0
367.jpg,1,0,0,0
368.jpg,0,1,0,0
369.jpg,1,0,0,0
370.jpg,0,1,0,0
371.jpg,0,1,0,0
372.jpg,0,0,0,1
373.jpg,0,0,0,1
374.jpg,0,1,0,0
375.jpg,0,1,0,0
376.jpg,1,0,0,0
377.jpg,0,1,0,0
378.jpg,0,1,0,0
379.jpg,1,0,0,0
380.jpg,0,1,0,0
381.jpg,0,1,0,0
382.jpg,0,1,0,0
383.jpg,1,0,0,0
384.jpg,0,1,0,0
385.jpg,0,1,0,0
386.jpg,0,1,0,0
387.jpg,0,0,1,0
388.jpg,0,1,0,0
389.jpg,1,0,0,0
390.jpg,0,1,0,0
391.jpg,0,0,0,1
392.jpg,0,1,0,0
393.jpg,1,0,0,0
394.jpg,0,1,0,0
395.jpg,0,1,0,0
396.jpg,0,1,0,0
397.jpg,0,1,0,0
398.jpg,0,1,0,0
399.jpg,0,1,0,0
400.jpg,0,1,0,0
401.jpg,0,0,1,0
402.jpg,0,0,1,0
403.jpg,0,1,0,0
404.jpg,0,1,0,0
405.jpg,1,0,0,0
406.jpg,0,1,0,0
407.jpg,1,0,0,0
408.jpg,0,1,0,0
409.jpg,1,0,0,0
410.jpg,0,1,0,0
411.jpg,0,1,0,0
412.jpg,0,1,0,0
413.jpg,0,1,0,0
414.jpg,0,1,0,0
415.jpg,0,0,1,0
416.jpg,0,0,0,1
417.jpg,0,1,0,0
418.jpg,1,0,0,0
419.jpg,1,0,0,0
420.jpg,0,1,0,0
421.jpg,0,1,0,0
422.jpg,0,0,0,1
423.jpg,0,1,0,0
424.jpg,0,1,0,0
425.jpg,0,1,0,0
426.jpg,0,0,0,1
427.jpg,0,1,0,0
428.jpg,0,0,0,1
429.jpg,1,0,0,0
430.jpg,0,1,0,0
431.jpg,0,0,0,1
432.jpg,0,1,0,0
433.jpg,1,0,0,0
434.jpg,0,1,0,0
435.jpg,0,0,1,0
436.jpg,0,1,0,0
437.jpg,0,1,0,0
438.jpg,0,1,0,0
439.jpg,0,1,0,0
440.jpg,0,1,0,0
441.jpg,0,1,0,0
442.jpg,1,0,0,0
443.jpg,0,1,0,0
444.jpg,1,0,0,0
445.jpg,0,1,0,0
446.jpg,0,1,0,0
447.jpg,0,1,0,0
448.jpg,0,1,0,0
449.jpg,0,1,0,0
450.jpg,0,1,0,0
451.jpg,0,0,1,0
452.jpg,0,1,0,0
453.jpg,0,1,0,0
454.jpg,1,0,0,0
455.jpg,0,1,0,0
456.jpg,0,1,0,0
457.jpg,0,1,0,0
458.jpg,0,1,0,0
459.jpg,0,1,0,0
460.jpg,1,0,0,0
461.jpg,0,1,0,0
462.jpg,0,1,0,0
463.jpg,0,1,0,0
464.jpg,0,1,0,0
465.jpg,0,0,0,1
466.jpg,0,1,0,0
467.jpg,0,1,0,0
468.jpg,0,1,0,0
469.jpg,0,1,0,0
470.jpg,0,1,0,0
471.jpg,0,1,0,0
472.jpg,0,1,0,0
473.jpg,0,1,0,0
474.jpg,0,0,0,1
475.jpg,0,1,0,0
476.jpg,1,0,0,0
477.jpg,1,0,0,0
478.jpg,0,1,0,0
479.jpg,0,0,0,1
480.jpg,0,1,0,0
481.jpg,1,0,0,0
482.jpg,0,1,0,0
483.jpg,0,1,0,0
484.jpg,0,1,0,0
485.jpg,0,0,0,1
486.jpg,1,0,0,0
487.jpg,0,1,0,0
488.jpg,0,1,0,0
489.jpg,0,1,0,0
490.jpg,1,0,0,0
491.jpg,0,1,0,0
492.jpg,0,1,0,0
493.jpg,1,0,0,0
494.jpg,0,1,0,0
495.jpg,0,1,0,0
496.jpg,1,0,0,0
497.jpg,0,1,0,0
498.jpg,1,0,0,0
499.jpg,0,1,0,0
500.jpg,0,1,0,0
501.jpg,1,0,0,0
502.jpg,1,0,0,0
503.jpg,0,1,0,0
504.jpg,0,1,0,0
505.jpg,0,0,1,0
506.jpg,0,1,0,0
507.jpg,1,0,0,0
508.jpg,0,1,0,0
509.jpg,0,1,0,0
510.jpg,0,0,0,1
511.jpg,0,1,0,0
512.jpg,0,1,0,0
513.jpg,0,1,0,0
514.jpg,0,1,0,0
515.jpg,1,0,0,0
516.jpg,1,0,0,0
517.jpg,1,0,0,0
518.jpg,1,0,0,0
519.jpg,0,1,0,0
520.jpg,1,0,0,0
521.jpg,1,0,0,0
522.jpg,0,1,0,0
523.jpg,0,0,0,1
524.jpg,0,1,0,0
525.jpg,0,1,0,0
526.jpg,0,1,0,0
527.jpg,1,0,0,0
528.jpg,0,0,0,1
529.jpg,0,1,0,0
530.jpg,1,0,0,0
531.jpg,1,0,0,0
532.jpg,1,0,0,0
533.jpg,0,1,0,0
534.jpg,1,0,0,0
535.jpg,0,0,0,1
536.jpg,1,0,0,0
537.jpg,0,1,0,0
538.jpg,1,0,0,0
539.jpg,1,0,0,0
540.jpg,1,0,0,0
541.jpg,1,0,0,0
542.jpg,0,0,1,0
543.jpg,1,0,0,0
544.jpg,0,0,0,1
545.jpg,0,1,0,0
546.jpg,0,1,0,0
547.jpg,0,0,0,1
548.jpg,1,0,0,0
549.jpg,0,0,0,1
550.jpg,0,1,0,0
551.jpg,0,1,0,0
552.jpg,0,1,0,0
553.jpg,0,1,0,0
554.jpg,0,0,0,1
555.jpg,0,1,0,0
556.jpg,1,0,0,0
557.jpg,0,0,0,1
558.jpg,0,1,0,0
559.jpg,0,1,0,0
560.jpg,0,1,0,0
561.jpg,1,0,0,0
562.jpg,0,1,0,0
563.jpg,0,1,0,0
564.jpg,0,1,0,0
565.jpg,0,1,0,0
566.jpg,0,1,0,0
567.jpg,0,1,0,0
568.jpg,0,1,0,0
569.jpg,0,1,0,0
570.jpg,0,1,0,0
571.jpg,0,1,0,0
572.jpg,0,0,0,1
573.jpg,0,1,0,0
574.jpg,0,1,0,0
575.jpg,1,0,0,0
576.jpg,1,0,0,0
577.jpg,0,0,1,0
578.jpg,0,0,1,0
579.jpg,0,1,0,0
580.jpg,0,0,1,0
581.jpg,1,0,0,0
582.jpg,1,0,0,0
583.jpg,0,1,0,0
584.jpg,0,0,1,0
585.jpg,0,0,0,1
586.jpg,0,0,1,0
587.jpg,0,1,0,0
588.jpg,1,0,0,0
589.jpg,1,0,0,0
590.jpg,1,0,0,0
591.jpg,0,1,0,0
592.jpg,0,0,0,1
593.jpg,0,1,0,0
594.jpg,0,1,0,0
595.jpg,0,1,0,0
596.jpg,0,1,0,0
597.jpg,0,1,0,0
598.jpg,1,0,0,0
599.jpg,0,1,0,0
600.jpg,0,1,0,0
601.jpg,0,1,0,0
602.jpg,0,1,0,0
603.jpg,0,1,0,0
604.jpg,0,1,0,0
605.jpg,0,1,0,0
606.jpg,0,1,0,0
607.jpg,0,1,0,0
608.jpg,1,0,0,0
609.jpg,0,0,0,1
610.jpg,0,1,0,0
611.jpg,0,1,0,0
612.jpg,0,1,0,0
613.jpg,0,1,0,0
614.jpg,1,0,0,0
615.jpg,0,1,0,0
616.jpg,0,1,0,0
617.jpg,0,0,1,0
618.jpg,0,1,0,0
619.jpg,0,1,0,0
620.jpg,0,1,0,0
621.jpg,0,1,0,0
622.jpg,0,1,0,0
623.jpg,0,1,0,0
624.jpg,1,0,0,0
625.jpg,0,1,0,0
626.jpg,0,1,0,0
627.jpg,0,1,0,0
628.jpg,1,0,0,0
629.jpg,0,1,0,0
630.jpg,1,0,0,0
631.jpg,0,1,0,0
632.jpg,1,0,0,0
633.jpg,0,1,0,0
634.jpg,1,0,0,0
635.jpg,0,1,0,0
636.jpg,0,1,0,0
637.jpg,0,1,0,0
638.jpg,0,1,0,0
639.jpg,1,0,0,0
640.jpg,0,1,0,0
641.jpg,0,1,0,0
642.jpg,0,0,0,1
643.jpg,1,0,0,0
644.jpg,1,0,0,0
645.jpg,0,1,0,0
646.jpg,0,1,0,0
647.jpg,0,1,0,0
648.jpg,1,0,0,0
649.jpg,0,1,0,0
650.jpg,1,0,0,0
651.jpg,0,1,0,0
652.jpg,0,1,0,0
653.jpg,0,1,0,0
654.jpg,0,0,1,0
655.jpg,0,1,0,0
656.jpg,0,1,0,0
657.jpg,0,1,0,0
658.jpg,0,1,0,0
659.jpg,0,1,0,0
660.jpg,0,1,0,0
661.jpg,0,0,0,1
662.jpg,0,1,0,0
663.jpg,0,1,0,0
664.jpg,0,1,0,0
665.jpg,0,1,0,0
666.jpg,0,0,1,0
667.jpg,0,1,0,0
668.jpg,0,1,0,0
669.jpg,0,1,0,0
670.jpg,0,1,0,0
671.jpg,0,1,0,0
672.jpg,0,1,0,0
673.jpg,0,0,0,1
674.jpg,0,1,0,0
675.jpg,1,0,0,0
676.jpg,0,0,0,1
677.jpg,0,1,0,0
678.jpg,0,0,1,0
679.jpg,0,1,0,0
680.jpg,0,0,0,1
681.jpg,1,0,0,0
682.jpg,0,1,0,0
683.jpg,0,1,0,0
684.jpg,0,1,0,0
685.jpg,0,1,0,0
686.jpg,1,0,0,0
687.jpg,0,0,1,0
688.jpg,0,1,0,0
689.jpg,0,1,0,0
690.jpg,0,1,0,0
691.jpg,0,1,0,0
692.jpg,0,1,0,0
693.jpg,1,0,0,0
694.jpg,1,0,0,0
695.jpg,0,1,0,0
696.jpg,0,1,0,0
697.jpg,0,0,0,1
698.jpg,0,1,0,0
699.jpg,1,0,0,0
700.jpg,0,1,0,0
701.jpg,0,1,0,0
702.jpg,0,0,1,0
703.jpg,1,0,0,0
704.jpg,1,0,0,0
705.jpg,0,1,0,0
706.jpg,1,0,0,0
707.jpg,0,1,0,0
708.jpg,0,1,0,0
709.jpg,0,0,0,1
710.jpg,0,1,0,0
711.jpg,0,1,0,0
712.jpg,0,1,0,0
713.jpg,0,1,0,0
714.jpg,0,1,0,0
715.jpg,1,0,0,0
716.jpg,0,1,0,0
717.jpg,1,0,0,0
718.jpg,0,0,0,1
719.jpg,0,1,0,0
720.jpg,0,0,0,1
721.jpg,0,1,0,0
722.jpg,0,1,0,0
723.jpg,0,1,0,0
724.jpg,0,1,0,0
725.jpg,0,1,0,0
726.jpg,0,1,0,0
727.jpg,1,0,0,0
728.jpg,1,0,0,0
729.jpg,0,1,0,0
730.jpg,0,1,0,0
731.jpg,0,1,0,0
732.jpg,0,1,0,0
733.jpg,1,0,0,0
734.jpg,1,0,0,0
735.jpg,0,1,0,0
736.jpg,0,1,0,0
737.jpg,0,1,0,0
738.jpg,0,1,0,0
739.jpg,0,1,0,0
740.jpg,1,0,0,0
741.jpg,0,0,0,1
742.jpg,1,0,0,0
743.jpg,1,0,0,0
744.jpg,0,1,0,0
745.jpg,1,0,0,0
746.jpg,0,1,0,0
747.jpg,0,0,1,0
748.jpg,1,0,0,0
749.jpg,0,0,0,1
750.jpg,0,1,0,0
751.jpg,0,1,0,0
752.jpg,0,1,0,0
753.jpg,0,1,0,0
754.jpg,0,1,0,0
755.jpg,1,0,0,0
756.jpg,0,0,0,1
757.jpg,0,1,0,0
758.jpg,0,1,0,0
759.jpg,0,1,0,0
760.jpg,1,0,0,0
761.jpg,1,0,0,0
762.jpg,0,1,0,0
763.jpg,0,0,1,0
764.jpg,0,1,0,0
765.jpg,1,0,0,0
766.jpg,0,1,0,0
767.jpg,0,1,0,0
768.jpg,0,1,0,0
769.jpg,0,1,0,0
770.jpg,0,1,0,0
771.jpg,1,0,0,0
772.jpg,0,1,0,0
773.jpg,1,0,0,0
774.jpg,1,0,0,0
775.jpg,0,0,0,1
776.jpg,0,1,0,0
777.jpg,0,1,0,0
778.jpg,0,1,0,0
779.jpg,0,0,0,1
780.jpg,1,0,0,0
781.jpg,0,1,0,0
782.jpg,0,1,0,0
783.jpg,0,1,0,0
784.jpg,1,0,0,0
785.jpg,0,1,0,0
786.jpg,0,1,0,0
787.jpg,0,1,0,0
788.jpg,0,0,0,1
789.jpg,0,1,0,0
790.jpg,1,0,0,0
791.jpg,0,1,0,0
792.jpg,1,0,0,0
793.jpg,0,1,0,0
794.jpg,0,0,0,1
795.jpg,0,1,0,0
796.jpg,1,0,0,0
797.jpg,0,1,0,0
798.jpg,0,0,1,0
799.jpg,0,0,1,0
800.jpg,0,1,0,0
801.jpg,0,1,0,0
802.jpg,0,1,0,0
803.jpg,1,0,0,0
804.jpg,0,1,0,0
805.jpg,0,0,0,1
806.jpg,0,1,0,0
807.jpg,0,1,0,0
808.jpg,1,0,0,0
809.jpg,1,0,0,0
810.jpg,1,0,0,0
811.jpg,0,1,0,0
812.jpg,0,1,0,0
813.jpg,0,1,0,0
814.jpg,0,1,0,0
815.jpg,0,0,0,1
816.jpg,0,1,0,0
817.jpg,0,1,0,0
818.jpg,0,1,0,0
819.jpg,0,1,0,0
820.jpg,1,0,0,0
821.jpg,0,1,0,0
822.jpg,0,0,1,0
823.jpg,0,1,0,0
824.jpg,0,1,0,0
825.jpg,1,0,0,0
826.jpg,1,0,0,0
827.jpg,0,1,0,0
828.jpg,0,1,0,0
829.jpg,0,1,0,0
830.jpg,0,1,0,0
831.jpg,0,1,0,0
832.jpg,0,1,0,0
833.jpg,1,0,0,0
834.jpg,0,1,0,0
835.jpg,1,0,0,0
836.jpg,0,1,0,0
837.jpg,0,0,0,1
838.jpg,0,1,0,0
839.jpg,0,1,0,0
840.jpg,0,0,0,1
841.jpg,0,1,0,0
842.jpg,0,1,0,0
843.jpg,0,1,0,0
844.jpg,0,1,0,0
845.jpg,0,1,0,0
846.jpg,0,1,0,0
847.jpg,0,1,0,0
848.jpg,0,0,1,0
849.jpg,1,0,0,0
850.jpg,0,1,0,0
851.jpg,0,0,0,1
852.jpg,0,1,0,0
853.jpg,0,1,0,0
854.jpg,0,1,0,0
855.jpg,1,0,0,0
856.jpg,0,1,0,0
857.jpg,0,1,0,0
858.jpg,0,1,0,0
859.jpg,1,0,0,0
860.jpg,0,1,0,0
861.jpg,0,0,0,1
862.jpg,0,1,0,0
863.jpg,0,1,0,0
864.jpg,0,1,0,0
865.jpg,1,0,0,0
866.jpg,0,1,0,0
867.jpg,1,0,0,0
868.jpg,0,1,0,0
869.jpg,0,0,0,1
870.jpg,0,1,0,0
871.jpg,0,1,0,0
872.jpg,0,1,0,0
873.jpg,0,0,1,0
874.jpg,0,1,0,0
875.jpg,0,1,0,0
876.jpg,0,1,0,0
877.jpg,0,0,0,1
878.jpg,0,1,0,0
879.jpg,0,0,0,1
880.jpg,0,1,0,0
881.jpg,1,0,0,0
882.jpg,1,0,0,0
883.jpg,1,0,0,0
884.jpg,0,1,0,0
885.jpg,1,0,0,0
886.jpg,0,1,0,0
887.jpg,0,1,0,0
888.jpg,0,1,0,0
889.jpg,0,0,0,1
890.jpg,0,1,0,0
891.jpg,0,1,0,0
892.jpg,0,1,0,0
893.jpg,0,0,0,1
894.jpg,0,0,0,1
895.jpg,0,1,0,0
896.jpg,1,0,0,0
897.jpg,0,1,0,0
898.jpg,0,1,0,0
899.jpg,1,0,0,0
900.jpg,0,0,1,0
901.jpg,0,0,1,0
902.jpg,1,0,0,0
903.jpg,0,1,0,0
904.jpg,0,1,0,0
905.jpg,0,1,0,0
906.jpg,0,0,0,1
907.jpg,0,1,0,0
908.jpg,0,1,0,0
909.jpg,0,1,0,0
910.jpg,0,1,0,0
911.jpg,0,1,0,0
912.jpg,0,1,0,0
913.jpg,0,0,0,1
914.jpg,0,1,0,0
915.jpg,0,0,0,1
916.jpg,0,1,0,0
917.jpg,1,0,0,0
918.jpg,0,1,0,0
919.jpg,0,1,0,0
920.jpg,1,0,0,0
921.jpg,0,1,0,0
922.jpg,0,1,0,0
923.jpg,0,1,0,0
924.jpg,0,0,0,1
925.jpg,0,1,0,0
926.jpg,0,1,0,0
927.jpg,1,0,0,0
928.jpg,0,1,0,0
929.jpg,0,1,0,0
930.jpg,1,0,0,0
931.jpg,0,1,0,0
932.jpg,0,1,0,0
933.jpg,0,1,0,0
934.jpg,0,1,0,0
935.jpg,1,0,0,0
936.jpg,0,1,0,0
937.jpg,0,0,0,1
938.jpg,0,1,0,0
939.jpg,0,1,0,0
940.jpg,0,1,0,0
941.jpg,1,0,0,0
942.jpg,1,0,0,0
943.jpg,0,1,0,0
944.jpg,0,1,0,0
945.jpg,0,1,0,0
946.jpg,0,1,0,0
947.jpg,0,1,0,0
948.jpg,0,0,1,0
949.jpg,0,1,0,0
950.jpg,1,0,0,0
951.jpg,0,1,0,0
952.jpg,0,1,0,0
953.jpg,0,1,0,0
954.jpg,0,1,0,0
955.jpg,0,1,0,0
956.jpg,0,1,0,0
957.jpg,0,1,0,0
958.jpg,0,1,0,0
959.jpg,1,0,0,0
960.jpg,1,0,0,0
961.jpg,0,1,0,0
962.jpg,0,1,0,0
963.jpg,0,1,0,0
964.jpg,1,0,0,0
965.jpg,0,1,0,0
966.jpg,0,1,0,0
967.jpg,1,0,0,0
968.jpg,1,0,0,0
969.jpg,0,1,0,0
970.jpg,0,0,0,1
971.jpg,0,1,0,0
972.jpg,0,1,0,0
973.jpg,0,1,0,0
974.jpg,0,0,0,1
975.jpg,0,1,0,0
976.jpg,0,0,0,1
977.jpg,1,0,0,0
978.jpg,0,1,0,0
979.jpg,0,1,0,0
980.jpg,0,1,0,0
981.jpg,1,0,0,0
982.jpg,0,1,0,0
983.jpg,1,0,0,0
984.jpg,1,0,0,0
985.jpg,0,0,1,0
986.jpg,0,1,0,0
987.jpg,0,1,0,0
988.jpg,0,1,0,0
989.jpg,1,0,0,0
990.jpg,1,0,0,0
991.jpg,0,1,0,0
992.jpg,1,0,0,0
993.jpg,0,1,0,0
994.jpg,0,1,0,0
995.jpg,0,1,0,0
996.jpg,0,1,0,0
997.jpg,1,0,0,0
998.jpg,1,0,0,0
999.jpg,1,0,0,0
1000.jpg,1,0,0,0
1001.jpg,0,1,0,0
1002.jpg,0,1,0,0
1003.jpg,0,1,0,0
1004.jpg,0,0,0,1
1005.jpg,0,1,0,0
1006.jpg,0,0,0,1
1007.jpg,1,0,0,0
1008.jpg,1,0,0,0
1009.jpg,1,0,0,0
1010.jpg,0,1,0,0
1011.jpg,0,1,0,0
1012.jpg,1,0,0,0
1013.jpg,0,1,0,0
1014.jpg,0,1,0,0
1015.jpg,0,1,0,0
1016.jpg,0,1,0,0
1017.jpg,0,1,0,0
1018.jpg,0,1,0,0
1019.jpg,0,1,0,0
1020.jpg,1,0,0,0
1021.jpg,0,1,0,0
1022.jpg,0,0,0,1
1023.jpg,1,0,0,0
1024.jpg,0,1,0,0
1025.jpg,0,1,0,0
1026.jpg,1,0,0,0
1027.jpg,1,0,0,0
1028.jpg,0,1,0,0
1029.jpg,0,1,0,0
1030.jpg,1,0,0,0
1031.jpg,0,1,0,0
1032.jpg,0,1,0,0
1033.jpg,1,0,0,0
1034.jpg,0,1,0,0
1035.jpg,0,1,0,0
1036.jpg,0,1,0,0
1037.jpg,0,1,0,0
1038.jpg,0,0,0,1
1039.jpg,1,0,0,0
1040.jpg,0,1,0,0
1041.jpg,0,1,0,0
1042.jpg,0,1,0,0
1043.jpg,0,1,0,0
1044.jpg,0,1,0,0
1045.jpg,0,1,0,0
1046.jpg,0,1,0,0
1047.jpg,0,1,0,0
1048.jpg,0,1,0,0
1049.jpg,0,1,0,0
1050.jpg,1,0,0,0
1051.jpg,0,1,0,0
1052.jpg,1,0,0,0
1053.jpg,0,1,0,0
1054.jpg,1,0,0,0
1055.jpg,0,0,1,0
1056.jpg,0,1,0,0
1057.jpg,0,0,0,1
1058.jpg,0,1,0,0
1059.jpg,1,0,0,0
1060.jpg,0,1,0,0
1061.jpg,1,0,0,0
1062.jpg,1,0,0,0
1063.jpg,0,1,0,0
1064.jpg,0,1,0,0
1065.jpg,0,1,0,0
1066.jpg,1,0,0,0
1067.jpg,0,0,0,1
1068.jpg,0,1,0,0
1069.jpg,0,1,0,0
1070.jpg,0,1,0,0
1071.jpg,0,1,0,0
1072.jpg,0,1,0,0
1073.jpg,1,0,0,0
1074.jpg,0,1,0,0
1075.jpg,0,1,0,0
1076.jpg,0,1,0,0
1077.jpg,0,1,0,0
1078.jpg,0,1,0,0
1079.jpg,0,1,0,0
1080.jpg,1,0,0,0
1081.jpg,0,1,0,0
1082.jpg,0,1,0,0
1083.jpg,0,1,0,0
1084.jpg,0,0,1,0
1085.jpg,1,0,0,0
1086.jpg,0,1,0,0
1087.jpg,0,1,0,0
1088.jpg,1,0,0,0
1089.jpg,1,0,0,0
1090.jpg,0,1,0,0
1091.jpg,0,1,0,0
1092.jpg,0,1,0,0
1093.jpg,0,1,0,0
1094.jpg,1,0,0,0
1095.jpg,0,1,0,0
1096.jpg,0,1,0,0
1097.jpg,1,0,0,0
1098.jpg,0,1,0,0
1099.jpg,0,1,0,0
1100.jpg,0,1,0,0
1101.jpg,0,1,0,0
1102.jpg,1,0,0,0
1103.jpg,0,1,0,0
1104.jpg,0,1,0,0
1105.jpg,0,0,0,1
1106.jpg,1,0,0,0
1107.jpg,0,1,0,0
1108.jpg,0,1,0,0
1109.jpg,0,0,1,0
1110.jpg,1,0,0,0
1111.jpg,0,1,0,0
1112.jpg,0,1,0,0
1113.jpg,0,1,0,0
1114.jpg,0,1,0,0
1115.jpg,0,1,0,0
1116.jpg,0,0,1,0
1117.jpg,0,1,0,0
1118.jpg,0,1,0,0
1119.jpg,1,0,0,0
1120.jpg,1,0,0,0
1121.jpg,1,0,0,0
1122.jpg,0,0,0,1
1123.jpg,0,1,0,0
1124.jpg,1,0,0,0
1125.jpg,0,1,0,0
1126.jpg,0,1,0,0
1127.jpg,0,0,1,0
1128.jpg,0,1,0,0
1129.jpg,0,0,0,1
1130.jpg,0,1,0,0
1131.jpg,1,0,0,0
1132.jpg,0,1,0,0
1133.jpg,0,1,0,0
1134.jpg,1,0,0,0
1135.jpg,0,1,0,0
1136.jpg,0,1,0,0
1137.jpg,0,1,0,0
1138.jpg,0,1,0,0
1139.jpg,0,1,0,0
1140.jpg,0,1,0,0
1141.jpg,0,1,0,0
1142.jpg,0,1,0,0
1143.jpg,0,1,0,0
1144.jpg,0,1,0,0
1145.jpg,0,1,0,0
1146.jpg,0,1,0,0
1147.jpg,0,1,0,0
1148.jpg,0,1,0,0
1149.jpg,0,1,0,0
1150.jpg,0,1,0,0
1151.jpg,0,0,0,1
1152.jpg,0,1,0,0
1153.jpg,1,0,0,0
1154.jpg,0,1,0,0
1155.jpg,0,1,0,0
1156.jpg,1,0,0,0
1157.jpg,1,0,0,0
1158.jpg,1,0,0,0
1159.jpg,0,1,0,0
1160.jpg,0,0,1,0
1161.jpg,1,0,0,0
1162.jpg,1,0,0,0
1163.jpg,0,1,0,0
1164.jpg,0,1,0,0
1165.jpg,0,1,0,0
1166.jpg,0,1,0,0
1167.jpg,1,0,0,0
1168.jpg,0,1,0,0
1169.jpg,1,0,0,0
1170.jpg,0,1,0,0
1171.jpg,0,1,0,0
1172.jpg,0,1,0,0
1173.jpg,0,1,0,0
1174.jpg,1,0,0,0
1175.jpg,1,0,0,0
1176.jpg,0,1,0,0
1177.jpg,0,1,0,0
1178.jpg,0,0,0,1
1179.jpg,0,1,0,0
1180.jpg,1,0,0,0
1181.jpg,0,1,0,0
1182.jpg,0,1,0,0
1183.jpg,1,0,0,0
1184.jpg,0,1,0,0
1185.jpg,1,0,0,0
1186.jpg,0,1,0,0
1187.jpg,0,0,1,0
1188.jpg,0,0,0,1
1189.jpg,0,1,0,0
1190.jpg,0,1,0,0
1191.jpg,1,0,0,0
1192.jpg,0,1,0,0
1193.jpg,0,0,0,1
1194.jpg,0,1,0,0
1195.jpg,0,0,0,1
1196.jpg,0,1,0,0
1197.jpg,0,1,0,0
1198.jpg,0,1,0,0
1199.jpg,1,0,0,0
1200.jpg,0,1,0,0
1201.jpg,1,0,0,0
1202.jpg,0,1,0,0
1203.jpg,0,0,1,0
1204.jpg,0,0,1,0
1205.jpg,0,1,0,0
1206.jpg,0,1,0,0
1207.jpg,1,0,0,0
1208.jpg,1,0,0,0
1209.jpg,1,0,0,0
1210.jpg,0,1,0,0
1211.jpg,0,1,0,0
1212.jpg,0,1,0,0
1213.jpg,0,1,0,0
1214.jpg,1,0,0,0
1215.jpg,1,0,0,0
1216.jpg,1,0,0,0
1217.jpg,1,0,0,0
1218.jpg,0,1,0,0
1219.jpg,0,1,0,0
1220.jpg,0,1,0,0
1221.jpg,0,1,0,0
1222.jpg,0,1,0,0
1223.jpg,1,0,0,0
1224.jpg,0,1,0,0
1225.jpg,0,1,0,0
1226.jpg,0,1,0,0
1227.jpg,0,1,0,0
1228.jpg,0,1,0,0
1229.jpg,1,0,0,0
1230.jpg,0,1,0,0
1231.jpg,0,1,0,0
1232.jpg,1,0,0,0
1233.jpg,0,1,0,0
1234.jpg,0,0,0,1
1235.jpg,1,0,0,0
1236.jpg,0,1,0,0
1237.jpg,0,0,0,1
1238.jpg,0,1,0,0
1239.jpg,1,0,0,0
1240.jpg,0,1,0,0
1241.jpg,0,1,0,0
1242.jpg,0,1,0,0
1243.jpg,0,0,0,1
1244.jpg,0,1,0,0
1245.jpg,0,0,0,1
1246.jpg,0,1,0,0
1247.jpg,0,1,0,0
1248.jpg,1,0,0,0
1249.jpg,0,1,0,0
1250.jpg,0,1,0,0
1251.jpg,0,1,0,0
1252.jpg,0,1,0,0
1253.jpg,0,1,0,0
1254.jpg,0,0,0,1
1255.jpg,1,0,0,0
1256.jpg,1,0,0,0
1257.jpg,0,1,0,0
1258.jpg,1,0,0,0
1259.jpg,1,0,0,0
1260.jpg,1,0,0,0
1261.jpg,0,1,0,0
1262.jpg,0,1,0,0
1263.jpg,0,1,0,0
1264.jpg,0,1,0,0
1265.jpg,0,1,0,0
1266.jpg,1,0,0,0
1267.jpg,0,1,0,0
1268.jpg,1,0,0,0
1269.jpg,0,1,0,0
1270.jpg,0,1,0,0
1271.jpg,0,1,0,0
1272.jpg,1,0,0,0
1273.jpg,1,0,0,0
1274.jpg,1,0,0,0
1275.jpg,1,0,0,0
1276.jpg,1,0,0,0
1277.jpg,1,0,0,0
1278.jpg,0,0,0,1
1279.jpg,0,1,0,0
1280.jpg,0,1,0,0
1281.jpg,0,1,0,0
1282.jpg,0,1,0,0
1283.jpg,0,1,0,0
1284.jpg,0,1,0,0
1285.jpg,0,1,0,0
1286.jpg,0,0,1,0
1287.jpg,0,1,0,0
1288.jpg,1,0,0,0
1289.jpg,0,1,0,0
1290.jpg,0,1,0,0
1291.jpg,0,1,0,0
1292.jpg,1,0,0,0
1293.jpg,1,0,0,0
1294.jpg,1,0,0,0
1295.jpg,1,0,0,0
1296.jpg,1,0,0,0
1297.jpg,0,1,0,0
1298.jpg,0,0,0,1
1299.jpg,0,0,0,1
1300.jpg,0,1,0,0
1301.jpg,0,0,1,0
1302.jpg,0,1,0,0
1303.jpg,0,1,0,0
1304.jpg,1,0,0,0
1305.jpg,0,1,0,0
1306.jpg,0,1,0,0
1307.jpg,0,1,0,0
1308.jpg,0,0,0,1
1309.jpg,0,1,0,0
1310.jpg,1,0,0,0
1311.jpg,0,1,0,0
1312.jpg,0,0,0,1
1313.jpg,0,1,0,0
1314.jpg,0,1,0,0
1315.jpg,0,1,0,0
1316.jpg,0,0,1,0
1317.jpg,0,1,0,0
1318.jpg,0,1,0,0
1319.jpg,0,1,0,0
1320.jpg,1,0,0,0
1321.jpg,0,1,0,0
1322.jpg,0,1,0,0
1323.jpg,0,0,1,0
1324.jpg,0,1,0,0
1325.jpg,1,0,0,0
1326.jpg,1,0,0,0
1327.jpg,0,1,0,0
1328.jpg,0,1,0,0
1329.jpg,0,1,0,0
1330.jpg,1,0,0,0
1331.jpg,0,1,0,0
1332.jpg,0,0,1,0
1333.jpg,0,1,0,0
1334.jpg,0,1,0,0
1335.jpg,0,1,0,0
1336.jpg,0,1,0,0
1337.jpg,0,1,0,0
1338.jpg,1,0,0,0
1339.jpg,0,1,0,0
1340.jpg,0,1,0,0
1341.jpg,0,1,0,0
1342.jpg,0,1,0,0
1343.jpg,0,1,0,0
1344.jpg,0,0,0,1
1345.jpg,0,1,0,0
1346.jpg,0,1,0,0
1347.jpg,0,1,0,0
1348.jpg,0,1,0,0
1349.jpg,0,1,0,0
1350.jpg,0,1,0,0
1351.jpg,0,1,0,0
1352.jpg,0,0,0,1
1353.jpg,0,0,1,0
1354.jpg,0,1,0,0
1355.jpg,0,1,0,0
1356.jpg,0,1,0,0
1357.jpg,0,0,0,1
1358.jpg,0,0,0,1
1359.jpg,0,1,0,0
1360.jpg,0,1,0,0
1361.jpg,0,1,0,0
1362.jpg,1,0,0,0
1363.jpg,1,0,0,0
1364.jpg,0,0,0,1
1365.jpg,0,1,0,0
1366.jpg,0,1,0,0
1367.jpg,1,0,0,0
1368.jpg,1,0,0,0
1369.jpg,0,1,0,0
1370.jpg,0,1,0,0
1371.jpg,1,1,0,0
1372.jpg,0,0,0,1
1373.jpg,0,0,0,1
1374.jpg,0,1,0,0
1375.jpg,0,1,0,0
1376.jpg,0,1,0,0
1377.jpg,0,1,0,0
1378.jpg,1,0,0,0
1379.jpg,0,1,0,0
1380.jpg,0,1,0,0
1381.jpg,1,0,0,0
1382.jpg,1,0,0,0
1383.jpg,1,0,0,0
1384.jpg,0,1,0,0
1385.jpg,0,1,0,0
1386.jpg,1,0,0,0
1387.jpg,0,1,0,0
1388.jpg,0,1,0,0
1389.jpg,1,0,0,0
1390.jpg,1,0,0,0
1391.jpg,0,1,0,0
1392.jpg,0,0,0,1
1393.jpg,0,0,0,1
1394.jpg,0,1,0,0
1395.jpg,0,1,0,0
1396.jpg,0,1,0,0
1397.jpg,0,1,0,0
1398.jpg,1,0,0,0
1399.jpg,0,1,0,0
1400.jpg,0,1,0,0
1401.jpg,0,0,1,0
1402.jpg,0,1,0,0
1403.jpg,1,0,0,0
1404.jpg,0,1,0,0
1405.jpg,0,1,0,0
1406.jpg,0,1,0,0
1407.jpg,1,0,0,0
1408.jpg,0,1,0,0
1409.jpg,0,0,0,1
1410.jpg,0,1,0,0
1411.jpg,1,0,0,0
1412.jpg,0,1,0,0
1413.jpg,0,1,0,0
1414.jpg,0,1,0,0
1415.jpg,0,1,0,0
1416.jpg,0,1,0,0
1417.jpg,0,1,0,0
1418.jpg,0,1,0,0
1419.jpg,1,0,0,0
1420.jpg,0,1,0,0
1421.jpg,0,1,0,0
1422.jpg,0,1,0,0
1423.jpg,0,1,0,0
1424.jpg,0,1,0,0
1425.jpg,0,1,0,0
1426.jpg,1,0,0,0
1427.jpg,1,0,0,0
1428.jpg,0,0,0,1
1429.jpg,0,0,0,1
1430.jpg,0,1,0,0
1431.jpg,0,1,0,0
1432.jpg,0,0,1,0
1433.jpg,0,1,0,0
1434.jpg,1,0,0,0
1435.jpg,1,0,0,0
1436.jpg,0,1,0,0
1437.jpg,0,1,0,0
1438.jpg,1,0,0,0
1439.jpg,0,1,0,0
1440.jpg,1,0,0,0
1441.jpg,0,0,0,1
1442.jpg,0,0,1,0
1443.jpg,0,1,0,0
1444.jpg,0,1,0,0
1445.jpg,1,0,0,0
1446.jpg,0,1,0,0
1447.jpg,0,1,0,0
1448.jpg,0,1,0,0
1449.jpg,0,1,0,0
1450.jpg,0,1,0,0
1451.jpg,0,0,1,0
1452.jpg,0,0,1,0
1453.jpg,1,0,0,0
1454.jpg,0,1,0,0
1455.jpg,0,1,0,0
1456.jpg,0,1,0,0
1457.jpg,0,1,0,0
1458.jpg,0,1,0,0
1459.jpg,0,1,0,0
1460.jpg,1,0,0,0
1461.jpg,1,0,0,0
1462.jpg,1,0,0,0
1463.jpg,0,0,1,0
1464.jpg,0,1,0,0
1465.jpg,0,1,0,0
1466.jpg,0,1,0,0
1467.jpg,0,1,0,0
1468.jpg,0,1,0,0
1469.jpg,0,1,0,0
1470.jpg,0,0,1,0
1471.jpg,1,0,0,0
1472.jpg,0,1,0,0
1473.jpg,0,1,0,0
1474.jpg,0,0,0,1
1475.jpg,0,1,0,0
1476.jpg,0,1,0,0
1477.jpg,0,1,0,0
1478.jpg,0,1,0,0
1479.jpg,0,0,1,0
1480.jpg,0,1,0,0
1481.jpg,0,1,0,0
1482.jpg,0,1,0,0
1483.jpg,0,1,0,0
1484.jpg,0,0,0,1
1485.jpg,0,1,0,0
1486.jpg,0,0,1,0
1487.jpg,0,1,0,0
1488.jpg,0,1,0,0
1489.jpg,0,1,0,0
1490.jpg,1,0,0,0
1491.jpg,0,1,0,0
1492.jpg,0,1,0,0
1493.jpg,1,0,0,0
1494.jpg,0,0,1,0
1495.jpg,0,1,0,0
1496.jpg,0,0,0,1
1497.jpg,0,1,0,0
1498.jpg,1,0,0,0
1499.jpg,0,1,0,0
1500.jpg,0,1,0,0
1501.jpg,0,1,0,0
1502.jpg,0,1,0,0
1503.jpg,0,1,0,0
1504.jpg,1,0,0,0
1505.jpg,1,0,0,0
1506.jpg,0,1,0,0
1507.jpg,0,0,0,1
1508.jpg,0,1,0,0
1509.jpg,0,1,0,0
1510.jpg,1,0,0,0
1511.jpg,0,1,0,0
1512.jpg,0,1,0,0
1513.jpg,0,1,0,0
1514.jpg,0,1,0,0
1515.jpg,0,1,0,0
1516.jpg,1,0,0,0
1517.jpg,0,1,0,0
1518.jpg,0,1,0,0
1519.jpg,0,1,0,0
1520.jpg,0,1,0,0
1521.jpg,0,1,0,0
1522.jpg,1,0,0,0
1523.jpg,0,1,0,0
1524.jpg,0,1,0,0
1525.jpg,0,1,0,0
1526.jpg,1,0,0,0
1527.jpg,0,1,0,0
1528.jpg,0,0,1,0
1529.jpg,0,0,0,1
1530.jpg,0,1,0,0
1531.jpg,1,0,0,0
1532.jpg,0,1,0,0
1533.jpg,0,1,0,0
1534.jpg,0,0,1,0
1535.jpg,0,1,0,0
1536.jpg,0,1,0,0
1537.jpg,0,1,0,0
1538.jpg,0,1,0,0
1539.jpg,0,1,0,0
1540.jpg,0,1,0,0
1541.jpg,1,0,0,0
1542.jpg,0,1,0,0
1543.jpg,0,1,0,0
1544.jpg,0,0,1,0
1545.jpg,1,0,0,0
1546.jpg,1,0,0,0
1547.jpg,0,1,0,0
1548.jpg,0,0,0,1
1549.jpg,0,0,0,1
1550.jpg,1,0,0,0
1551.jpg,0,1,0,0
1552.jpg,1,0,0,0
1553.jpg,0,1,0,0
1554.jpg,0,1,0,0
1555.jpg,0,1,0,0
1556.jpg,1,0,0,0
1557.jpg,0,1,0,0
1558.jpg,1,0,0,0
1559.jpg,0,0,0,1
1560.jpg,1,0,0,0
1561.jpg,0,0,1,0
1562.jpg,1,0,0,0
1563.jpg,0,1,0,0
1564.jpg,0,1,0,0
1565.jpg,0,1,0,0
1566.jpg,0,1,0,0
1567.jpg,0,1,0,0
1568.jpg,0,1,0,0
1569.jpg,0,1,0,0
1570.jpg,1,0,0,0
1571.jpg,1,0,0,0
1572.jpg,0,0,0,1
1573.jpg,0,1,0,0
1574.jpg,1,0,0,0
1575.jpg,0,1,0,0
1576.jpg,0,1,0,0
1577.jpg,0,1,0,0
1578.jpg,1,0,0,0
1579.jpg,0,1,0,0
1580.jpg,0,1,0,0
1581.jpg,0,1,0,0
1582.jpg,0,1,0,0
1583.jpg,0,1,0,0
1584.jpg,0,0,0,1
1585.jpg,0,1,0,0
1586.jpg,0,1,0,0
1587.jpg,1,0,0,0
1588.jpg,1,0,0,0
1589.jpg,1,0,0,0
1590.jpg,1,0,0,0
1591.jpg,0,1,0,0
1592.jpg,1,0,0,0
1593.jpg,0,1,0,0
1594.jpg,0,1,0,0
1595.jpg,1,0,0,0
1596.jpg,0,1,0,0
1597.jpg,1,0,0,0
1598.jpg,0,1,0,0
1599.jpg,0,1,0,0
1600.jpg,0,0,0,1
1601.jpg,0,1,0,0
1602.jpg,0,1,0,0
1603.jpg,0,1,0,0
1604.jpg,0,1,0,0
1605.jpg,0,1,0,0
1606.jpg,0,1,0,0
1607.jpg,0,1,0,0
1608.jpg,1,0,0,0
1609.jpg,0,1,0,0
1610.jpg,0,1,0,0
1611.jpg,1,0,0,0
1612.jpg,0,1,0,0
1613.jpg,0,1,0,0
1614.jpg,0,1,0,0
1615.jpg,0,0,0,1
1616.jpg,0,1,0,0
1617.jpg,0,1,0,0
1618.jpg,0,1,0,0
1619.jpg,0,1,0,0
1620.jpg,0,0,0,1
1621.jpg,1,0,0,0
1622.jpg,0,0,0,1
1623.jpg,0,1,0,0
1624.jpg,0,1,0,0
1625.jpg,0,1,0,0
1626.jpg,0,1,0,0
1627.jpg,1,0,0,0
1628.jpg,1,0,0,0
1629.jpg,0,1,0,0
1630.jpg,0,0,1,0
1631.jpg,0,1,0,0
1632.jpg,1,0,0,0
1633.jpg,0,1,0,0
1634.jpg,0,1,0,0
1635.jpg,0,1,0,0
1636.jpg,0,1,0,0
1637.jpg,0,1,0,0
1638.jpg,0,1,0,0
1639.jpg,0,1,0,0
1640.jpg,0,1,0,0
1641.jpg,0,1,0,0
1642.jpg,0,1,0,0
1643.jpg,1,0,0,0
1644.jpg,0,1,0,0
1645.jpg,1,0,0,0
1646.jpg,0,0,1,0
1647.jpg,1,0,0,0
1648.jpg,0,1,0,0
1649.jpg,0,1,0,0
1650.jpg,0,1,0,0
1651.jpg,0,1,0,0
1652.jpg,0,1,0,0
1653.jpg,0,0,1,0
1654.jpg,1,0,0,0
1655.jpg,0,1,0,0
1656.jpg,0,1,0,0
1657.jpg,1,0,0,0
1658.jpg,0,1,0,0
1659.jpg,1,0,0,0
1660.jpg,1,0,0,0
1661.jpg,0,0,1,0
1662.jpg,0,1,0,0
1663.jpg,0,0,0,1
1664.jpg,0,1,0,0
1665.jpg,0,1,0,0
1666.jpg,1,0,0,0
1667.jpg,0,1,0,0
1668.jpg,0,1,0,0
1669.jpg,0,1,0,0
1670.jpg,0,1,0,0
1671.jpg,1,0,0,0
1672.jpg,0,0,0,1
1673.jpg,0,1,0,0
1674.jpg,0,1,0,0
1675.jpg,0,1,0,0
1676.jpg,0,1,0,0
1677.jpg,0,1,0,0
1678.jpg,0,1,0,0
1679.jpg,0,1,0,0
1680.jpg,0,1,0,0
1681.jpg,1,0,0,0
1682.jpg,0,1,0,0
1683.jpg,0,1,0,0
1684.jpg,0,1,0,0
1685.jpg,1,0,0,0
1686.jpg,0,1,0,0
1687.jpg,0,1,0,0
1688.jpg,0,1,0,0
1689.jpg,0,1,0,0
1690.jpg,0,1,0,0
1691.jpg,0,0,1,0
1692.jpg,1,0,0,0
1693.jpg,1,0,0,0
1694.jpg,0,1,0,0
1695.jpg,1,0,0,0
1696.jpg,1,0,0,0
1697.jpg,0,1,0,0
1698.jpg,0,1,0,0
1699.jpg,0,1,0,0
1700.jpg,0,1,0,0
1701.jpg,0,1,0,0
1702.jpg,0,1,0,0
1703.jpg,0,1,0,0
1704.jpg,0,1,0,0
1705.jpg,0,1,0,0
1706.jpg,0,1,0,0
1707.jpg,0,1,0,0
1708.jpg,1,0,0,0
1709.jpg,0,1,0,0
1710.jpg,0,1,0,0
1711.jpg,0,1,0,0
1712.jpg,0,1,0,0
1713.jpg,1,0,0,0
1714.jpg,0,1,0,0
1715.jpg,0,1,0,0
1716.jpg,0,0,0,1
1717.jpg,0,1,0,0
1718.jpg,0,0,0,1
1719.jpg,1,0,0,0
1720.jpg,0,1,0,0
1721.jpg,0,1,0,0
1722.jpg,1,0,0,0
1723.jpg,0,1,0,0
1724.jpg,0,1,0,0
1725.jpg,0,1,0,0
1726.jpg,0,1,0,0
1727.jpg,0,1,0,0
1728.jpg,0,0,0,1
1729.jpg,1,0,0,0
1730.jpg,0,0,0,1
1731.jpg,0,1,0,0
1732.jpg,0,1,0,0
1733.jpg,1,0,0,0
1734.jpg,0,1,0,0
1735.jpg,0,1,0,0
1736.jpg,0,1,1,0
1737.jpg,0,1,0,0
1738.jpg,0,0,1,0
1739.jpg,0,1,0,0
1740.jpg,0,1,0,0
1741.jpg,0,1,0,0
1742.jpg,0,0,0,1
1743.jpg,0,1,0,0
1744.jpg,0,1,0,0
1745.jpg,1,0,0,0
1746.jpg,0,1,0,0
1747.jpg,0,1,0,0
1748.jpg,0,1,0,0
1749.jpg,1,0,0,0
1750.jpg,0,1,0,0
1751.jpg,0,0,0,1
1752.jpg,1,0,0,0
1753.jpg,0,1,0,0
1754.jpg,1,0,0,0
1755.jpg,1,0,0,0
1756.jpg,1,0,0,0
1757.jpg,1,0,0,0
1758.jpg,0,1,0,0
1759.jpg,1,0,0,0
1760.jpg,0,1,0,0
1761.jpg,0,1,0,0
1762.jpg,0,1,0,0
1763.jpg,0,1,0,0
1764.jpg,0,1,0,0
1765.jpg,0,1,0,0
1766.jpg,0,0,0,1
1767.jpg,0,1,0,0
1768.jpg,1,0,0,0
1769.jpg,1,0,0,0
1770.jpg,0,1,0,0
1771.jpg,0,1,0,0
1772.jpg,1,0,0,0
1773.jpg,1,0,0,0
1774.jpg,0,1,0,0
1775.jpg,1,0,0,0
1776.jpg,0,1,0,0
1777.jpg,0,1,0,0
1778.jpg,0,0,0,1
1779.jpg,0,1,0,0
1780.jpg,1,0,0,0
1781.jpg,0,1,0,0
1782.jpg,0,1,0,0
1783.jpg,0,0,0,1
1784.jpg,0,1,0,0
1785.jpg,0,1,0,0
1786.jpg,0,1,0,0
1787.jpg,1,0,0,0
1788.jpg,1,0,0,0
1789.jpg,0,0,1,0
1790.jpg,0,1,0,0
1791.jpg,0,0,1,0
1792.jpg,0,0,0,1
1793.jpg,0,1,0,0
1794.jpg,0,1,0,0
1795.jpg,0,1,0,0
1796.jpg,0,1,0,0
1797.jpg,1,0,0,0
1798.jpg,0,1,0,0
1799.jpg,0,1,0,0
1800.jpg,0,1,0,0
1801.jpg,0,1,0,0
1802.jpg,0,1,0,0
1803.jpg,0,1,0,0
1804.jpg,0,1,0,0
1805.jpg,0,1,0,0
1806.jpg,0,0,0,1
1807.jpg,1,0,0,0
1808.jpg,0,1,0,0
1809.jpg,0,1,0,0
1810.jpg,0,0,0,1
1811.jpg,0,1,0,0
1812.jpg,1,0,0,0
1813.jpg,0,0,0,1
1814.jpg,1,0,0,0
1815.jpg,0,1,0,0
1816.jpg,0,1,0,0
1817.jpg,1,0,0,0
1818.jpg,0,1,0,0
1819.jpg,0,1,0,0
1820.jpg,0,1,0,0
1821.jpg,0,1,0,0
1822.jpg,0,1,0,0
1823.jpg,0,1,0,0
1824.jpg,0,1,0,0
1825.jpg,1,0,0,0
1826.jpg,0,1,0,0
1827.jpg,0,1,0,0
1828.jpg,0,1,0,0
1829.jpg,0,1,0,0
1830.jpg,0,1,0,0
1831.jpg,0,1,0,0
1832.jpg,0,1,0,0
1833.jpg,1,0,0,0
1834.jpg,0,0,0,1
1835.jpg,0,1,0,0
1836.jpg,1,0,0,0
1837.jpg,0,1,0,0
1838.jpg,0,1,0,0
1839.jpg,0,1,0,0
1840.jpg,0,1,0,0
1841.jpg,0,0,0,1
1842.jpg,0,1,0,0
1843.jpg,0,0,1,0
1844.jpg,0,1,0,0
1845.jpg,1,0,0,0
1846.jpg,0,1,0,0
1847.jpg,1,0,0,0
1848.jpg,1,0,0,0
1849.jpg,0,1,0,0
1850.jpg,0,1,0,0
1851.jpg,0,1,0,0
1852.jpg,0,1,0,0
1853.jpg,0,1,0,0
1854.jpg,0,1,0,0
1855.jpg,0,1,0,0
1856.jpg,0,1,0,0
1857.jpg,0,0,0,1
1858.jpg,1,0,0,0
1859.jpg,0,1,0,0
1860.jpg,0,1,0,0
1861.jpg,0,1,0,0
1862.jpg,0,0,0,1
1863.jpg,0,0,1,0
1864.jpg,0,0,0,1
1865.jpg,1,0,0,0
1866.jpg,0,1,0,0
1867.jpg,1,0,0,0
1868.jpg,0,0,1,0
1869.jpg,0,0,0,1
1870.jpg,1,0,0,0
1871.jpg,1,0,0,0
1872.jpg,1,0,0,0
1873.jpg,0,1,0,0
1874.jpg,0,1,0,0
1875.jpg,0,1,0,0
1876.jpg,1,0,0,0
1877.jpg,1,0,0,0
1878.jpg,0,1,0,0
1879.jpg,1,0,0,0
1880.jpg,0,1,0,0
1881.jpg,0,1,0,0
1882.jpg,0,1,0,0
1883.jpg,0,1,0,0
1884.jpg,1,0,0,0
1885.jpg,0,0,0,1
1886.jpg,0,1,0,0
1887.jpg,0,0,0,1
1888.jpg,0,1,0,0
1889.jpg,0,1,0,0
1890.jpg,0,1,0,0
1891.jpg,0,1,0,0
1892.jpg,0,1,0,0
1893.jpg,1,0,0,0
1894.jpg,0,1,0,0
1895.jpg,1,0,0,0
1896.jpg,0,0,1,0
1897.jpg,0,1,0,0
1898.jpg,1,0,0,0
1899.jpg,0,1,0,0
1900.jpg,1,0,0,0
1901.jpg,0,1,0,0
1902.jpg,0,1,0,0
1903.jpg,0,1,0,0
1904.jpg,0,0,0,1
1905.jpg,1,0,0,0
1906.jpg,0,1,0,0
1907.jpg,0,1,0,0
1908.jpg,1,0,0,0
1909.jpg,0,1,0,0
1910.jpg,1,0,0,0
1911.jpg,0,0,0,1
1912.jpg,0,1,0,0
1913.jpg,0,1,0,0
1914.jpg,0,1,0,0
1915.jpg,0,1,0,0
1916.jpg,0,1,0,0
1917.jpg,0,1,0,0
1918.jpg,0,1,0,0
1919.jpg,0,0,0,1
1920.jpg,1,0,0,0
1921.jpg,0,1,0,0
1922.jpg,1,0,0,0
1923.jpg,1,0,0,0
1924.jpg,0,1,0,0
1925.jpg,0,1,0,0
1926.jpg,0,1,0,0
1927.jpg,1,0,0,0
1928.jpg,0,1,0,0
1929.jpg,1,0,0,0
1930.jpg,0,1,0,0
1931.jpg,0,1,0,0
1932.jpg,0,1,0,0
1933.jpg,0,1,0,0
1934.jpg,0,1,0,0
1935.jpg,1,0,0,0
1936.jpg,1,0,0,0
1937.jpg,1,0,0,0
1938.jpg,0,1,0,0
1939.jpg,1,0,0,0
1940.jpg,0,0,0,1
1941.jpg,1,0,0,0
1942.jpg,0,1,0,0
1943.jpg,0,0,0,1
1944.jpg,1,0,0,0
1945.jpg,0,1,0,0
1946.jpg,0,1,0,0
1947.jpg,1,0,0,0
1948.jpg,0,1,0,0
1949.jpg,0,0,1,0
1950.jpg,0,0,1,0
1951.jpg,1,0,0,0
1952.jpg,0,1,0,0
1953.jpg,0,0,1,0
1954.jpg,0,1,0,0
1955.jpg,0,0,1,0
1956.jpg,0,1,0,0
1957.jpg,0,1,0,0
1958.jpg,0,0,0,1
1959.jpg,1,0,0,0
1960.jpg,0,1,0,0
1961.jpg,0,0,1,0
1962.jpg,0,0,0,1
1963.jpg,0,1,0,0
1964.jpg,0,0,1,0
1965.jpg,0,1,0,0
1966.jpg,1,0,0,0
1967.jpg,0,1,0,0
1968.jpg,0,1,0,0
1969.jpg,1,0,0,0
1970.jpg,0,1,0,0
1971.jpg,0,1,0,0
1972.jpg,0,1,0,0
1973.jpg,0,1,0,0
1974.jpg,1,0,0,0
1975.jpg,0,0,0,1
1976.jpg,1,0,0,0
1977.jpg,0,0,0,1
1978.jpg,1,0,0,0
1979.jpg,0,1,0,0
1980.jpg,0,1,0,0
1981.jpg,0,1,0,0
1982.jpg,0,1,0,0
1983.jpg,0,0,1,0
1984.jpg,0,1,0,0
1985.jpg,1,0,0,0
1986.jpg,0,1,0,0
1987.jpg,1,0,0,0
1988.jpg,0,0,1,0
1989.jpg,0,0,0,1
1990.jpg,0,1,0,0
1991.jpg,0,0,0,1
1992.jpg,1,0,0,0
1993.jpg,1,0,0,0
1994.jpg,0,1,0,0
1995.jpg,1,0,0,0
1996.jpg,0,1,0,0
1997.jpg,0,1,0,0
1998.jpg,0,1,0,0
1999.jpg,0,1,0,0
2000.jpg,1,0,0,0
2001.jpg,0,1,0,0
2002.jpg,0,0,0,1
2003.jpg,0,1,0,0
2004.jpg,0,1,0,0
2005.jpg,1,0,0,0
2006.jpg,0,1,0,0
2007.jpg,0,1,0,0
2008.jpg,0,1,0,0
2009.jpg,0,1,0,0
2010.jpg,1,0,0,0
2011.jpg,0,1,0,0
2012.jpg,0,1,0,0
2013.jpg,0,0,0,1
2014.jpg,0,1,0,0
2015.jpg,0,1,0,0
2016.jpg,0,0,0,1
2017.jpg,1,0,0,0
2018.jpg,0,0,0,1
2019.jpg,0,1,0,0
2020.jpg,0,1,0,0
2021.jpg,0,1,0,0
2022.jpg,1,0,0,0
2023.jpg,0,1,0,0
2024.jpg,0,1,0,0
2025.jpg,0,1,0,0
2026.jpg,0,1,0,0
2027.jpg,0,1,0,0
2028.jpg,0,1,0,0
2029.jpg,0,1,0,0
2030.jpg,0,1,0,0
2031.jpg,1,0,0,0
2032.jpg,0,0,1,0
2033.jpg,0,1,0,0
2034.jpg,1,0,0,0
2035.jpg,0,0,0,1
2036.jpg,1,0,0,0
2037.jpg,0,1,0,0
2038.jpg,0,1,0,0
2039.jpg,0,1,0,0
2040.jpg,1,0,0,0
2041.jpg,1,0,0,0
2042.jpg,0,1,0,0
2043.jpg,1,0,0,0
2044.jpg,0,0,0,1
2045.jpg,0,0,0,1
2046.jpg,0,0,0,1
2047.jpg,0,1,0,0
2048.jpg,0,0,0,1
2049.jpg,0,1,0,0
2050.jpg,1,0,0,0
2051.jpg,1,0,0,0
2052.jpg,1,0,0,0
2053.jpg,1,0,0,0
2054.jpg,0,1,0,0
2055.jpg,0,1,0,0
2056.jpg,0,1,0,0
2057.jpg,0,1,0,0
2058.jpg,0,1,0,0
2059.jpg,1,0,0,0
2060.jpg,1,0,0,0
2061.jpg,0,0,0,1
2062.jpg,0,0,0,1
2063.jpg,1,0,0,0
2064.jpg,0,1,0,0
2065.jpg,1,0,0,0
2066.jpg,0,1,0,0
2067.jpg,0,0,1,0
2068.jpg,0,1,0,0
2069.jpg,0,0,0,1
2070.jpg,0,0,0,1
2071.jpg,0,1,0,0
2072.jpg,0,0,0,1
2073.jpg,0,1,0,0
2074.jpg,1,0,0,0
2075.jpg,0,0,1,0
2076.jpg,0,1,0,0
2077.jpg,0,1,0,0
2078.jpg,1,0,0,0
2079.jpg,0,0,0,1
2080.jpg,0,1,0,0
2081.jpg,0,1,0,0
2082.jpg,1,0,0,0
2083.jpg,0,0,0,1
2084.jpg,0,0,0,1
2085.jpg,1,0,0,0
2086.jpg,0,0,0,1
2087.jpg,0,0,0,1
2088.jpg,0,1,0,0
2089.jpg,0,1,0,0
2090.jpg,0,1,0,0
2091.jpg,1,0,0,0
2092.jpg,0,0,1,0
2093.jpg,0,1,0,0
2094.jpg,0,1,1,0
2095.jpg,0,1,0,0
2096.jpg,1,0,0,0
2097.jpg,0,1,0,0
2098.jpg,0,1,0,0
2099.jpg,1,0,0,0
2100.jpg,0,1,0,0
2101.jpg,0,0,0,1
2102.jpg,0,1,0,0
2103.jpg,1,0,0,0
2104.jpg,0,1,0,0
2105.jpg,0,1,0,0
2106.jpg,0,1,0,0
2107.jpg,0,1,0,0
2108.jpg,0,1,0,0
2109.jpg,0,1,0,0
2110.jpg,0,1,0,0
2111.jpg,1,0,0,0
2112.jpg,0,1,0,0
2113.jpg,0,1,0,0
2114.jpg,0,1,0,0
2115.jpg,0,1,0,0
2116.jpg,1,0,0,0
2117.jpg,0,0,1,0
2118.jpg,0,1,0,0
2119.jpg,0,0,0,1
2120.jpg,0,1,0,0
2121.jpg,0,1,0,0
2122.jpg,0,1,0,0
2123.jpg,0,0,0,1
2124.jpg,0,1,0,0
2125.jpg,0,1,0,0
2126.jpg,0,1,0,0
2127.jpg,0,1,0,0
2128.jpg,1,0,0,0
2129.jpg,0,1,0,0
2130.jpg,1,0,0,0
2131.jpg,0,1,0,0
2132.jpg,0,1,0,0
2133.jpg,0,1,0,0
2134.jpg,0,1,0,0
2135.jpg,0,1,0,0
2136.jpg,0,1,0,0
2137.jpg,0,1,0,0
2138.jpg,1,0,0,0
2139.jpg,0,1,0,0
2140.jpg,0,1,0,0
2141.jpg,0,0,0,1
2142.jpg,0,0,1,0
2143.jpg,0,1,0,0
2144.jpg,1,0,0,0
2145.jpg,0,1,0,0
2146.jpg,0,1,0,0
2147.jpg,0,1,0,0
2148.jpg,0,1,0,0
2149.jpg,1,0,0,0
2150.jpg,0,0,1,0
2151.jpg,1,0,0,0
2152.jpg,0,1,0,0
2153.jpg,0,1,0,0
2154.jpg,0,1,0,0
2155.jpg,0,1,0,0
2156.jpg,0,1,0,0
2157.jpg,0,1,0,0
2158.jpg,0,1,0,0
2159.jpg,1,0,0,0
2160.jpg,0,1,0,0
2161.jpg,1,0,0,0
2162.jpg,1,0,0,0
2163.jpg,0,0,1,0
2164.jpg,0,0,1,0
2165.jpg,0,1,0,0
2166.jpg,0,0,0,1
2167.jpg,0,0,0,1
2168.jpg,0,1,1,0
2169.jpg,0,0,1,0
2170.jpg,0,1,0,0
2171.jpg,0,1,0,0
2172.jpg,1,0,0,0
2173.jpg,0,0,0,1
2174.jpg,1,0,0,0
2175.jpg,0,1,0,0
2176.jpg,0,1,0,0
2177.jpg,0,1,0,0
2178.jpg,0,1,0,0
2179.jpg,1,0,0,0
2180.jpg,0,1,0,0
2181.jpg,0,1,0,0
2182.jpg,0,0,1,0
2183.jpg,0,0,0,1
2184.jpg,1,0,0,0
2185.jpg,0,1,0,0
2186.jpg,0,1,0,0
2187.jpg,1,0,0,0
2188.jpg,0,0,0,1
2189.jpg,0,1,0,0
2190.jpg,0,1,0,0
2191.jpg,0,1,0,0
2192.jpg,0,1,0,0
2193.jpg,0,1,0,0
2194.jpg,0,1,0,0
2195.jpg,0,1,0,0
2196.jpg,1,0,0,0
2197.jpg,0,1,0,0
2198.jpg,1,0,0,0
2199.jpg,1,0,0,0
2200.jpg,0,1,0,0
2201.jpg,0,1,0,0
2202.jpg,0,1,0,0
2203.jpg,0,1,0,0
2204.jpg,0,1,0,0
2205.jpg,0,1,0,0
2206.jpg,1,0,0,0
2207.jpg,0,1,0,0
2208.jpg,0,0,0,1
2209.jpg,0,1,0,0
2210.jpg,0,1,0,0
2211.jpg,0,0,0,1
2212.jpg,0,1,0,0
2213.jpg,0,1,0,0
2214.jpg,0,1,0,0
2215.jpg,0,1,0,0
2216.jpg,0,1,0,0
2217.jpg,0,1,0,0
2218.jpg,0,1,0,0
2219.jpg,0,1,0,0
2220.jpg,1,0,0,0
2221.jpg,0,0,0,1
2222.jpg,0,1,0,0
2223.jpg,0,1,0,0
2224.jpg,0,1,0,0
2225.jpg,0,1,0,0
2226.jpg,0,1,0,0
2227.jpg,1,0,0,0
2228.jpg,0,1,0,0
2229.jpg,1,0,0,0
2230.jpg,1,0,0,0
2231.jpg,0,1,0,0
2232.jpg,1,0,0,0
2233.jpg,1,0,0,0
2234.jpg,0,1,0,0
2235.jpg,1,0,0,0
2236.jpg,0,1,0,0
2237.jpg,0,1,0,0
2238.jpg,0,0,0,1
2239.jpg,0,0,0,1
2240.jpg,0,1,0,0
2241.jpg,0,1,0,0
2242.jpg,0,1,0,0
2243.jpg,0,1,0,0
2244.jpg,1,0,0,0
2245.jpg,0,0,1,0
2246.jpg,0,1,0,0
2247.jpg,0,1,0,0
2248.jpg,0,1,0,0
2249.jpg,1,0,0,0
2250.jpg,0,0,1,0
2251.jpg,1,0,0,0
2252.jpg,0,1,0,0
2253.jpg,1,0,0,0
2254.jpg,1,0,0,0
2255.jpg,1,0,0,0
2256.jpg,0,1,1,0
2257.jpg,0,1,0,0
2258.jpg,1,0,0,0
2259.jpg,0,1,0,0
2260.jpg,0,1,0,0
2261.jpg,0,0,0,1
2262.jpg,0,1,0,0
2263.jpg,0,0,1,0
2264.jpg,0,1,0,0
2265.jpg,0,0,0,1
2266.jpg,0,1,0,0
2267.jpg,1,0,0,0
2268.jpg,0,1,0,0
2269.jpg,0,1,0,0
2270.jpg,0,1,0,0
2271.jpg,0,1,0,0
2272.jpg,0,0,0,1
2273.jpg,1,0,0,0
2274.jpg,0,1,0,0
2275.jpg,0,1,0,0
2276.jpg,0,1,0,0
2277.jpg,0,0,0,1
2278.jpg,0,1,0,0
2279.jpg,0,1,0,0
2280.jpg,0,1,0,0
2281.jpg,0,1,0,0
2282.jpg,1,0,0,0
2283.jpg,0,1,0,0
2284.jpg,0,1,0,0
2285.jpg,0,1,0,0
2286.jpg,0,1,0,0
2287.jpg,0,1,0,0
2288.jpg,0,0,0,1
2289.jpg,0,1,0,0
2290.jpg,1,0,0,0
2291.jpg,0,1,0,0
2292.jpg,0,1,0,0
2293.jpg,0,1,0,0
2294.jpg,0,1,0,0
2295.jpg,0,1,0,0
2296.jpg,0,1,0,0
2297.jpg,1,0,0,0
2298.jpg,0,1,0,0
2299.jpg,0,1,0,0
2300.jpg,0,1,0,0
2301.jpg,0,0,1,0
2302.jpg,0,0,1,0
2303.jpg,1,0,0,0
2304.jpg,0,1,0,0
2305.jpg,0,1,0,0
2306.jpg,0,1,0,0
2307.jpg,1,0,0,0
2308.jpg,0,1,0,0
2309.jpg,0,1,0,0
2310.jpg,0,1,0,0
2311.jpg,1,0,0,0
2312.jpg,1,0,0,0
2313.jpg,0,1,0,0
2314.jpg,0,1,0,0
2315.jpg,0,1,0,0
2316.jpg,0,0,1,0
2317.jpg,0,0,1,0
2318.jpg,0,0,0,1
2319.jpg,1,0,0,0
2320.jpg,0,0,0,1
2321.jpg,0,1,0,0
2322.jpg,1,0,0,0
2323.jpg,0,1,0,0
2324.jpg,0,1,0,0
2325.jpg,0,0,0,1
2326.jpg,0,1,0,0
2327.jpg,0,1,0,0
2328.jpg,0,1,0,0
2329.jpg,0,1,0,0
2330.jpg,0,0,1,0
2331.jpg,1,0,0,0
2332.jpg,1,0,0,0
2333.jpg,0,1,0,0
2334.jpg,0,1,0,0
2335.jpg,1,0,0,0
2336.jpg,1,0,0,0
2337.jpg,0,1,0,0
2338.jpg,0,0,0,1
2339.jpg,0,1,0,0
2340.jpg,1,0,0,0
2341.jpg,1,0,0,0
2342.jpg,0,0,1,0
2343.jpg,1,0,0,0
2344.jpg,0,1,0,0
2345.jpg,0,1,0,0
2346.jpg,1,0,0,0
2347.jpg,0,0,0,1
2348.jpg,0,1,0,0
2349.jpg,1,0,0,0
2350.jpg,0,0,1,0
2351.jpg,1,0,0,0
2352.jpg,0,1,0,0
2353.jpg,1,0,0,0
2354.jpg,1,0,0,0
2355.jpg,0,0,0,1
2356.jpg,0,1,0,0
2357.jpg,0,0,1,0
2358.jpg,0,0,0,1
2359.jpg,0,1,0,0
2360.jpg,1,0,0,0
2361.jpg,0,1,0,0
2362.jpg,1,0,0,0
2363.jpg,0,0,0,1
2364.jpg,0,1,0,0
2365.jpg,0,1,0,0
2366.jpg,0,1,0,0
2367.jpg,0,1,0,0
2368.jpg,0,1,0,0
2369.jpg,0,1,0,0
2370.jpg,0,1,0,0
2371.jpg,0,1,0,0
2372.jpg,0,1,0,0
2373.jpg,1,0,0,0
2374.jpg,0,1,0,0
2375.jpg,0,0,1,0
2376.jpg,0,1,0,0
2377.jpg,1,0,0,0
2378.jpg,0,1,0,0
2379.jpg,0,1,0,0
2380.jpg,0,0,0,1
2381.jpg,0,1,0,0
2382.jpg,0,0,0,1
2383.jpg,0,1,0,0
2384.jpg,0,1,0,0
2385.jpg,0,1,0,0
2386.jpg,1,0,0,0
2387.jpg,1,0,0,0
2388.jpg,0,0,0,1
2389.jpg,0,1,0,0
2390.jpg,1,0,0,0
2391.jpg,0,1,0,0
2392.jpg,0,1,0,0
2393.jpg,1,0,0,0
2394.jpg,0,1,0,0
2395.jpg,0,1,0,0
2396.jpg,1,0,0,0
2397.jpg,1,0,0,0
2398.jpg,0,1,0,0
2399.jpg,0,1,0,0
2400.jpg,0,1,0,0
2401.jpg,0,0,0,1
2402.jpg,0,1,0,0
2403.jpg,0,1,0,0
2404.jpg,0,0,1,0
2405.jpg,1,0,0,0
2406.jpg,0,1,0,0
2407.jpg,0,1,0,0
2408.jpg,0,1,0,0
2409.jpg,0,1,0,0
2410.jpg,0,1,0,0
2411.jpg,0,1,0,0
2412.jpg,0,1,0,0
2413.jpg,0,1,0,0
2414.jpg,0,1,0,0
2415.jpg,0,0,0,1
2416.jpg,1,0,0,0
2417.jpg,0,1,0,0
2418.jpg,0,1,0,0
2419.jpg,0,0,0,1
2420.jpg,0,1,0,0
2421.jpg,0,1,0,0
2422.jpg,1,0,0,0
2423.jpg,1,0,0,0
2424.jpg,1,0,0,0
2425.jpg,1,0,0,0
2426.jpg,0,1,0,0
2427.jpg,0,1,0,0
2428.jpg,0,1,0,0
2429.jpg,0,1,0,0
2430.jpg,0,1,0,0
2431.jpg,0,1,0,0
2432.jpg,0,1,0,0
2433.jpg,0,1,0,0
2434.jpg,1,0,0,0
2435.jpg,0,1,0,0
2436.jpg,0,0,1,0
2437.jpg,1,0,0,0
2438.jpg,0,1,0,0
2439.jpg,0,0,0,1
2440.jpg,0,1,0,0
2441.jpg,0,1,0,0
2442.jpg,1,0,0,0
2443.jpg,0,1,0,0
2444.jpg,0,0,1,0
2445.jpg,0,1,0,0
2446.jpg,0,0,0,1
2447.jpg,0,1,0,0
2448.jpg,0,1,0,0
2449.jpg,1,0,0,0
2450.jpg,0,1,0,0
2451.jpg,0,1,0,0
2452.jpg,0,1,0,0
2453.jpg,1,0,0,0
2454.jpg,0,1,0,0
2455.jpg,0,1,0,0
2456.jpg,0,1,0,0
2457.jpg,0,1,0,0
2458.jpg,0,1,0,0
2459.jpg,0,1,0,0
2460.jpg,1,0,0,0
2461.jpg,1,0,0,0
2462.jpg,0,1,0,0
2463.jpg,0,1,0,0
2464.jpg,0,1,0,0
2465.jpg,1,0,0,0
2466.jpg,1,0,0,0
2467.jpg,0,0,0,1
2468.jpg,0,1,0,0
2469.jpg,0,0,0,1
2470.jpg,0,1,0,0
2471.jpg,1,0,0,0
2472.jpg,0,1,0,0
2473.jpg,0,1,0,0
2474.jpg,0,1,0,0
2475.jpg,0,1,0,0
2476.jpg,0,1,0,0
2477.jpg,1,0,0,0
2478.jpg,0,1,0,0
2479.jpg,0,1,0,0
2480.jpg,0,0,0,1
2481.jpg,0,1,0,0
2482.jpg,0,1,0,0
2483.jpg,0,1,0,0
2484.jpg,0,1,0,0
2485.jpg,0,0,0,1
2486.jpg,0,1,0,0
2487.jpg,0,0,0,1
2488.jpg,1,0,0,0
2489.jpg,0,1,0,0
2490.jpg,0,0,1,0
2491.jpg,0,1,0,0
2492.jpg,0,1,0,0
2493.jpg,1,0,0,0
2494.jpg,0,1,0,0
2495.jpg,0,0,0,1
2496.jpg,0,1,0,0
2497.jpg,0,1,0,0
2498.jpg,1,0,0,0
2499.jpg,0,1,0,0
2500.jpg,0,1,0,0
2501.jpg,0,1,0,0
2502.jpg,0,1,0,0
2503.jpg,0,1,0,0
2504.jpg,0,1,0,0
2505.jpg,0,1,0,0
2506.jpg,0,0,0,1
2507.jpg,0,1,0,0
2508.jpg,1,0,0,0
2509.jpg,0,1,0,0
2510.jpg,0,1,0,0
2511.jpg,0,1,0,0
2512.jpg,1,0,0,0
2513.jpg,0,1,0,0
2514.jpg,0,1,0,0
2515.jpg,0,0,0,1
2516.jpg,1,0,0,0
2517.jpg,0,1,0,0
2518.jpg,1,0,0,0
2519.jpg,0,1,0,0
2520.jpg,1,0,0,0
2521.jpg,0,1,0,0
2522.jpg,1,0,0,0
2523.jpg,0,1,1,0
2524.jpg,1,0,0,0
2525.jpg,0,1,0,0
2526.jpg,0,1,0,0
2527.jpg,0,1,0,0
2528.jpg,0,1,0,0
2529.jpg,0,1,0,0
2530.jpg,0,1,0,0
2531.jpg,1,0,0,0
2532.jpg,0,1,0,0
2533.jpg,0,1,0,0
2534.jpg,0,1,0,0
2535.jpg,0,1,0,0
2536.jpg,0,1,0,0
2537.jpg,0,1,0,0
2538.jpg,1,0,0,0
2539.jpg,0,1,0,0
2540.jpg,0,1,0,0
2541.jpg,1,0,0,0
2542.jpg,0,1,0,0
2543.jpg,0,1,0,0
2544.jpg,0,1,0,0
2545.jpg,1,0,0,0
2546.jpg,0,0,0,1
2547.jpg,0,1,0,0
2548.jpg,0,1,0,0
2549.jpg,0,1,0,0
2550.jpg,1,0,0,0
2551.jpg,0,0,0,1
2552.jpg,0,1,0,0
2553.jpg,1,0,0,0
2554.jpg,0,1,0,0
2555.jpg,0,0,0,1
2556.jpg,1,0,0,0
2557.jpg,0,0,0,1
2558.jpg,0,1,0,0
2559.jpg,0,1,0,0
2560.jpg,0,0,0,1
2561.jpg,0,1,0,0
2562.jpg,1,0,0,0
2563.jpg,0,1,0,0
2564.jpg,0,1,0,0
2565.jpg,0,1,0,0
2566.jpg,1,0,0,0
2567.jpg,1,0,0,0
2568.jpg,0,1,0,0
2569.jpg,0,1,0,0
2570.jpg,0,1,0,0
2571.jpg,0,0,0,1
2572.jpg,1,0,0,0
2573.jpg,0,1,0,0
2574.jpg,0,1,0,0
2575.jpg,0,1,0,0
2576.jpg,1,0,0,0
2577.jpg,0,1,0,0
2578.jpg,0,1,0,0
2579.jpg,0,1,0,0
2580.jpg,0,1,0,0
2581.jpg,0,1,0,0
2582.jpg,0,0,0,1
2583.jpg,0,1,0,0
2584.jpg,1,0,0,0
2585.jpg,0,1,0,0
2586.jpg,0,1,0,0
2587.jpg,0,1,0,0
2588.jpg,0,1,0,0
2589.jpg,0,1,0,0
2590.jpg,0,1,0,0
2591.jpg,0,1,0,0
2592.jpg,0,1,0,0
2593.jpg,1,0,0,0
2594.jpg,1,0,0,0
2595.jpg,0,1,0,0
2596.jpg,1,0,0,0
2597.jpg,0,1,0,0
2598.jpg,0,1,0,0
2599.jpg,0,1,0,0
2600.jpg,0,1,0,0
2601.jpg,0,1,0,0
2602.jpg,0,1,0,0
2603.jpg,0,1,0,0
2604.jpg,1,0,0,0
2605.jpg,0,1,0,0
2606.jpg,0,1,0,0
2607.jpg,1,0,0,0
2608.jpg,0,0,0,1
2609.jpg,1,0,0,0
2610.jpg,0,1,0,0
2611.jpg,1,0,0,0
2612.jpg,0,1,0,0
2613.jpg,1,0,0,0
2614.jpg,0,1,0,0
2615.jpg,0,1,0,0
2616.jpg,0,0,0,1
2617.jpg,1,0,0,0
2618.jpg,0,1,0,0
2619.jpg,0,1,0,0
2620.jpg,0,1,0,0
2621.jpg,0,1,0,0
2622.jpg,0,1,0,0
2623.jpg,0,1,0,0
2624.jpg,0,0,0,1
2625.jpg,0,1,0,0
2626.jpg,1,0,0,0
2627.jpg,0,1,0,0
2628.jpg,1,0,0,0
2629.jpg,0,1,0,0
2630.jpg,1,0,0,0
2631.jpg,0,1,0,0
2632.jpg,0,1,0,0
2633.jpg,0,1,0,0
2634.jpg,0,0,1,0
2635.jpg,0,1,0,0
2636.jpg,1,0,0,0
2637.jpg,1,0,0,0
2638.jpg,1,0,0,0
2639.jpg,1,0,0,0
2640.jpg,0,1,0,0
2641.jpg,1,0,0,0
2642.jpg,0,1,0,0
2643.jpg,0,0,1,0
2644.jpg,0,1,0,0
2645.jpg,0,1,0,0
2646.jpg,1,0,0,0
2647.jpg,0,1,0,0
2648.jpg,0,1,0,0
2649.jpg,0,0,0,1
2650.jpg,1,0,0,0
2651.jpg,1,0,0,0
2652.jpg,1,0,0,0
2653.jpg,0,1,0,0
2654.jpg,0,1,0,0
2655.jpg,1,0,0,0
2656.jpg,0,0,0,1
2657.jpg,0,0,0,1
2658.jpg,1,0,0,0
2659.jpg,1,0,0,0
2660.jpg,0,1,0,0
2661.jpg,0,1,0,0
2662.jpg,0,1,0,0
2663.jpg,1,0,0,0
2664.jpg,0,1,0,0
2665.jpg,0,1,0,0
2666.jpg,0,1,0,0
2667.jpg,0,0,0,1
2668.jpg,0,1,0,0
2669.jpg,1,0,0,0
2670.jpg,0,1,0,0
2671.jpg,0,0,0,1
2672.jpg,0,1,0,0
2673.jpg,1,0,0,0
2674.jpg,0,0,1,0
2675.jpg,1,0,0,0
2676.jpg,1,0,0,0
2677.jpg,1,0,0,0
2678.jpg,0,1,0,0
2679.jpg,0,1,0,0
2680.jpg,0,1,0,0
2681.jpg,1,0,0,0
2682.jpg,0,1,0,0
2683.jpg,0,1,0,0
2684.jpg,0,0,0,1
2685.jpg,0,1,0,0
2686.jpg,0,0,0,1
2687.jpg,0,1,0,0
2688.jpg,0,1,0,0
2689.jpg,0,1,0,0
2690.jpg,1,0,0,0
2691.jpg,1,0,0,0
2692.jpg,0,0,0,1
2693.jpg,0,1,0,0
2694.jpg,1,0,0,0
2695.jpg,0,1,0,0
2696.jpg,1,0,0,0
2697.jpg,0,1,0,0
2698.jpg,0,1,0,0
2699.jpg,1,0,0,0
2700.jpg,0,1,0,0
2701.jpg,1,0,0,0
2702.jpg,0,1,0,0
2703.jpg,0,1,0,0
2704.jpg,0,1,0,0
2705.jpg,0,1,0,0
2706.jpg,1,0,0,0
2707.jpg,0,1,0,0
2708.jpg,0,1,0,0
2709.jpg,0,1,0,0
2710.jpg,0,1,0,0
2711.jpg,1,0,0,0
2712.jpg,0,0,1,0
2713.jpg,0,0,0,1
2714.jpg,0,1,0,0
2715.jpg,1,0,0,0
2716.jpg,0,1,0,0
2717.jpg,1,0,0,0
2718.jpg,1,0,0,0
2719.jpg,0,1,0,0
2720.jpg,0,1,0,0
2721.jpg,0,0,1,0
2722.jpg,0,1,0,0
2723.jpg,0,1,0,0
2724.jpg,1,0,0,0
2725.jpg,0,1,0,0
2726.jpg,0,0,0,1
2727.jpg,0,1,0,0
2728.jpg,1,0,0,0
2729.jpg,0,1,0,0
2730.jpg,0,1,0,0
2731.jpg,0,1,0,0
2732.jpg,0,1,0,0
2733.jpg,0,0,0,1
2734.jpg,0,1,0,0
2735.jpg,1,0,0,0
2736.jpg,0,1,0,0
2737.jpg,1,0,0,0
2738.jpg,0,1,0,0
2739.jpg,1,0,0,0
2740.jpg,1,0,0,0
2741.jpg,1,0,0,0
2742.jpg,1,0,0,0
2743.jpg,0,1,0,0
2744.jpg,0,1,0,0
2745.jpg,1,0,0,0
2746.jpg,0,1,0,0
2747.jpg,1,0,0,0
2748.jpg,0,1,0,0
2749.jpg,0,1,0,0
2750.jpg,0,1,0,0
2751.jpg,0,1,0,0
2752.jpg,1,0,0,0
2753.jpg,0,1,0,0
2754.jpg,0,1,0,0
2755.jpg,0,1,0,0
2756.jpg,0,0,0,1
2757.jpg,0,1,0,0
2758.jpg,0,0,0,1
2759.jpg,1,0,0,0
2760.jpg,0,1,0,0
2761.jpg,0,1,0,0
2762.jpg,1,0,0,0
2763.jpg,0,1,0,0
2764.jpg,0,0,1,0
2765.jpg,0,1,0,0
2766.jpg,0,1,0,0
2767.jpg,0,0,0,1
2768.jpg,1,0,0,0
2769.jpg,1,0,0,0
2770.jpg,0,1,0,0
2771.jpg,1,0,0,0
2772.jpg,1,0,0,0
2773.jpg,0,0,0,1
2774.jpg,0,1,0,0
2775.jpg,0,1,0,0
2776.jpg,0,1,0,0
2777.jpg,0,0,0,1
2778.jpg,0,1,0,0
2779.jpg,0,0,0,1
2780.jpg,0,1,0,0
2781.jpg,0,0,0,1
2782.jpg,1,0,0,0
2783.jpg,1,0,0,0
2784.jpg,0,0,0,1
2785.jpg,0,1,0,0
2786.jpg,1,0,0,0
2787.jpg,1,0,0,0
2788.jpg,0,1,0,0
2789.jpg,0,1,0,0
2790.jpg,0,1,0,0
2791.jpg,0,1,0,0
2792.jpg,0,0,1,0
2793.jpg,0,0,0,1
2794.jpg,1,0,0,0
2795.jpg,0,1,0,0
2796.jpg,0,1,0,0
2797.jpg,1,0,0,0
2798.jpg,1,0,0,0
2799.jpg,0,1,0,0
2800.jpg,1,0,0,0
2801.jpg,0,1,0,0
2802.jpg,0,1,0,0
2803.jpg,0,0,1,0
2804.jpg,0,1,0,0
2805.jpg,0,1,0,0
2806.jpg,0,1,0,0
2807.jpg,0,1,0,0
2808.jpg,0,1,0,0
2809.jpg,0,0,0,1
2810.jpg,0,1,0,0
2811.jpg,0,1,0,0
2812.jpg,0,1,0,0
2813.jpg,0,1,0,0
2814.jpg,0,1,0,0
2815.jpg,1,0,0,0
2816.jpg,0,1,0,0
2817.jpg,1,0,0,0
2818.jpg,0,0,0,1
2819.jpg,0,1,0,0
2820.jpg,0,1,0,0
2821.jpg,1,0,0,0
2822.jpg,0,1,0,0
2823.jpg,0,0,0,1
2824.jpg,0,1,0,0
2825.jpg,0,1,0,0
2826.jpg,0,1,0,0
2827.jpg,0,1,0,0
2828.jpg,0,1,0,0
2829.jpg,0,1,0,0
2830.jpg,0,1,0,0
2831.jpg,1,0,0,0
2832.jpg,1,0,0,0
2833.jpg,0,1,0,0
2834.jpg,0,1,0,0
2835.jpg,1,0,0,0
2836.jpg,0,1,0,0
2837.jpg,1,0,0,0
2838.jpg,1,0,0,0
2839.jpg,1,0,0,0
2840.jpg,0,0,0,1
2841.jpg,0,1,0,0
2842.jpg,0,0,0,1
2843.jpg,0,0,0,1
2844.jpg,0,1,0,0
2845.jpg,0,0,0,1
2846.jpg,0,0,1,0
2847.jpg,0,1,0,0
2848.jpg,0,1,0,0
2849.jpg,0,1,0,0
2850.jpg,0,0,0,1
2851.jpg,0,1,0,0
2852.jpg,0,1,0,0
2853.jpg,1,0,0,0
2854.jpg,1,0,0,0
2855.jpg,0,1,0,0
2856.jpg,1,0,0,0
2857.jpg,0,1,0,0
2858.jpg,0,1,0,0
2859.jpg,0,0,0,1
2860.jpg,0,0,0,1
2861.jpg,1,0,0,0
2862.jpg,0,1,0,0
2863.jpg,1,0,0,0
2864.jpg,0,1,0,0
2865.jpg,0,1,0,0
2866.jpg,1,0,0,0
2867.jpg,1,0,0,0
2868.jpg,0,1,0,0
2869.jpg,0,0,1,0
2870.jpg,0,1,0,0
2871.jpg,0,1,0,0
2872.jpg,0,1,0,0
2873.jpg,0,1,0,0
2874.jpg,0,1,0,0
2875.jpg,0,0,0,1
2876.jpg,1,0,0,0
2877.jpg,0,0,0,1
2878.jpg,1,0,0,0
2879.jpg,1,0,0,0
2880.jpg,0,1,0,0
2881.jpg,0,1,0,0
2882.jpg,0,1,0,0
2883.jpg,0,1,0,0
2884.jpg,0,1,0,0
2885.jpg,0,1,0,0
2886.jpg,0,1,0,0
2887.jpg,1,0,0,0
2888.jpg,0,1,0,0
2889.jpg,1,0,0,0
2890.jpg,0,1,0,0
2891.jpg,0,1,0,0
2892.jpg,0,1,0,0
2893.jpg,0,0,1,0
2894.jpg,0,1,0,0
2895.jpg,0,1,0,0
2896.jpg,0,1,0,0
2897.jpg,0,1,0,0
2898.jpg,0,1,0,0
2899.jpg,0,0,0,1
2900.jpg,0,1,0,0
2901.jpg,1,0,0,0
2902.jpg,0,0,0,1
2903.jpg,0,1,0,0
2904.jpg,0,1,0,0
2905.jpg,0,1,0,0
2906.jpg,0,1,0,0
2907.jpg,0,1,0,0
2908.jpg,1,0,0,0
2909.jpg,1,0,0,0
2910.jpg,0,1,0,0
2911.jpg,0,0,1,0
2912.jpg,0,1,0,0
2913.jpg,0,1,0,0
2914.jpg,0,1,0,0
2915.jpg,1,0,0,0
2916.jpg,1,0,0,0
2917.jpg,0,1,0,0
2918.jpg,0,0,1,0
2919.jpg,0,0,0,1
2920.jpg,0,1,0,0
2921.jpg,0,0,1,0
2922.jpg,0,1,0,0
2923.jpg,1,0,0,0
2924.jpg,0,1,0,0
2925.jpg,0,1,0,0
2926.jpg,0,1,0,0
2927.jpg,0,0,0,1
2928.jpg,1,0,0,0
2929.jpg,0,1,0,0
2930.jpg,0,1,0,0
2931.jpg,0,1,0,0
2932.jpg,0,0,0,1
2933.jpg,0,1,0,0
2934.jpg,1,0,0,0
2935.jpg,0,1,0,0
2936.jpg,0,1,0,0
2937.jpg,0,0,0,1
2938.jpg,0,1,0,0
2939.jpg,0,1,0,0
2940.jpg,0,1,0,0
2941.jpg,0,1,0,0
2942.jpg,1,0,0,0
2943.jpg,0,1,0,0
2944.jpg,0,1,0,0
2945.jpg,1,0,0,0
2946.jpg,0,0,1,0
2947.jpg,0,1,0,0
2948.jpg,0,1,0,0
2949.jpg,0,1,0,0
2950.jpg,0,1,0,0
2951.jpg,1,0,0,0
2952.jpg,1,0,0,0
2953.jpg,0,1,0,0
2954.jpg,0,1,0,0
2955.jpg,0,1,0,0
2956.jpg,0,0,1,0
2957.jpg,1,0,0,0
2958.jpg,0,1,0,0
2959.jpg,1,0,0,0
2960.jpg,0,1,0,0
2961.jpg,1,0,0,0
2962.jpg,0,1,0,0
2963.jpg,1,0,0,0
2964.jpg,0,1,0,0
2965.jpg,0,1,0,0
2966.jpg,0,1,0,0
2967.jpg,1,0,0,0
2968.jpg,0,1,0,0
2969.jpg,0,1,0,0
2970.jpg,0,1,0,0
2971.jpg,1,0,0,0
2972.jpg,0,1,0,0
2973.jpg,0,1,0,0
2974.jpg,0,1,0,0
2975.jpg,0,1,0,0
2976.jpg,0,1,0,0
2977.jpg,0,0,0,1
2978.jpg,0,0,0,1
2979.jpg,1,0,0,0
2980.jpg,1,0,0,0
2981.jpg,0,1,0,0
2982.jpg,0,0,0,1
2983.jpg,0,0,0,1
2984.jpg,0,1,0,0
2985.jpg,0,1,0,0
2986.jpg,1,0,0,0
2987.jpg,0,1,0,0
2988.jpg,0,1,0,0
2989.jpg,0,0,1,0
2990.jpg,0,1,0,0
2991.jpg,1,0,0,0
2992.jpg,0,1,0,0
2993.jpg,1,0,0,0
2994.jpg,0,1,0,0
2995.jpg,1,0,0,0
2996.jpg,0,1,0,0
2997.jpg,1,0,0,0
2998.jpg,0,1,0,0
2999.jpg,0,1,0,0
3000.jpg,0,1,0,0
3001.jpg,0,0,0,1
3002.jpg,1,0,0,0
3003.jpg,0,1,0,0
3004.jpg,0,1,0,0
3005.jpg,1,0,0,0
3006.jpg,0,1,0,0
3007.jpg,0,1,0,0
3008.jpg,0,1,0,0
3009.jpg,0,1,0,0
3010.jpg,0,0,0,1
3011.jpg,0,1,0,0
3012.jpg,0,1,0,0
3013.jpg,0,0,0,1
3014.jpg,0,1,0,0
3015.jpg,0,1,0,0
3016.jpg,0,1,0,0
3017.jpg,0,1,0,0
3018.jpg,1,0,0,0
3019.jpg,0,1,0,0
3020.jpg,0,1,0,0
3021.jpg,0,1,0,0
3022.jpg,0,1,0,0
3023.jpg,0,1,0,0
3024.jpg,0,0,0,1
3025.jpg,0,1,0,0
3026.jpg,0,1,0,0
3027.jpg,0,1,0,0
3028.jpg,0,0,0,1
3029.jpg,0,1,0,0
3030.jpg,1,0,0,0
3031.jpg,0,0,0,1
3032.jpg,0,1,0,0
3033.jpg,0,1,0,0
3034.jpg,0,1,0,0
3035.jpg,0,1,0,0
3036.jpg,0,1,0,0
3037.jpg,1,0,0,0
3038.jpg,0,1,0,0
3039.jpg,0,1,0,0
3040.jpg,0,0,0,1
3041.jpg,0,1,0,0
3042.jpg,0,1,0,0
3043.jpg,0,1,0,0
3044.jpg,0,1,0,0
3045.jpg,0,1,0,0
3046.jpg,0,0,1,0
3047.jpg,1,0,0,0
3048.jpg,0,1,0,0
3049.jpg,0,1,0,0
3050.jpg,0,0,1,0
3051.jpg,0,0,1,0
3052.jpg,0,1,0,0
3053.jpg,0,1,0,0
3054.jpg,1,0,0,0
3055.jpg,0,1,0,0
3056.jpg,0,1,0,0
3057.jpg,0,1,0,0
3058.jpg,0,1,0,0
3059.jpg,0,1,0,0
3060.jpg,0,1,0,0
3061.jpg,0,1,0,0
3062.jpg,0,1,0,0
3063.jpg,0,1,0,0
3064.jpg,0,1,0,0
3065.jpg,0,0,1,0
3066.jpg,0,1,0,0
3067.jpg,0,1,0,0
3068.jpg,0,1,0,0
3069.jpg,1,0,0,0
3070.jpg,0,1,0,0
3071.jpg,1,0,0,0
3072.jpg,0,1,0,0
3073.jpg,1,0,0,0
3074.jpg,0,1,0,0
3075.jpg,0,1,0,0
3076.jpg,0,1,0,0
3077.jpg,0,1,0,0
3078.jpg,0,1,0,0
3079.jpg,1,0,0,0
3080.jpg,0,1,0,0
3081.jpg,0,1,0,0
3082.jpg,0,1,0,0
3083.jpg,0,1,0,0
3084.jpg,0,0,0,1
3085.jpg,0,1,0,0
3086.jpg,0,0,0,1
3087.jpg,0,1,0,0
3088.jpg,0,1,0,0
3089.jpg,0,1,0,0
3090.jpg,0,0,0,1
3091.jpg,0,1,0,0
3092.jpg,1,0,0,0
3093.jpg,0,1,0,0
3094.jpg,0,1,0,0
3095.jpg,1,0,0,0
3096.jpg,0,1,0,0
3097.jpg,1,0,0,0
3098.jpg,1,0,0,0
3099.jpg,1,0,0,0
3100.jpg,0,1,0,0
3101.jpg,0,1,0,0
3102.jpg,0,1,0,0
3103.jpg,0,0,1,0
3104.jpg,1,0,0,0
3105.jpg,0,1,0,0
3106.jpg,0,1,0,0
3107.jpg,0,1,0,0
3108.jpg,1,0,0,0
3109.jpg,1,0,0,0
3110.jpg,0,1,0,0
3111.jpg,1,0,0,0
3112.jpg,0,1,0,0
3113.jpg,0,1,0,0
3114.jpg,0,1,0,0
3115.jpg,1,0,0,0
3116.jpg,0,0,0,1
3117.jpg,1,0,0,0
3118.jpg,0,1,0,0
3119.jpg,1,0,0,0
3120.jpg,1,0,0,0
3121.jpg,0,0,0,1
3122.jpg,1,0,0,0
3123.jpg,1,0,0,0
3124.jpg,0,0,0,1
3125.jpg,0,1,0,0
3126.jpg,0,1,0,0
3127.jpg,0,1,0,0
3128.jpg,0,1,0,0
3129.jpg,0,1,0,0
3130.jpg,0,1,0,0
3131.jpg,0,0,0,1
3132.jpg,0,1,0,0
3133.jpg,0,0,0,1
3134.jpg,1,0,0,0
3135.jpg,0,0,0,1
3136.jpg,0,1,0,0
3137.jpg,1,0,0,0
3138.jpg,0,1,0,0
3139.jpg,0,1,0,0
3140.jpg,0,1,0,0
3141.jpg,1,0,0,0
3142.jpg,1,0,0,0
3143.jpg,1,0,0,0
3144.jpg,1,0,0,0
3145.jpg,0,1,0,0
3146.jpg,0,1,0,0
3147.jpg,0,1,0,0
3148.jpg,0,1,0,0
3149.jpg,1,0,0,0
3150.jpg,0,1,0,0
3151.jpg,0,1,0,0
3152.jpg,0,1,0,0
3153.jpg,0,1,0,0
3154.jpg,0,0,0,1
3155.jpg,0,0,0,1
3156.jpg,0,1,0,0
3157.jpg,0,1,0,0
3158.jpg,1,0,0,0
3159.jpg,0,1,0,0
3160.jpg,1,0,0,0
3161.jpg,0,1,0,0
3162.jpg,0,1,0,0
3163.jpg,0,1,0,0
3164.jpg,0,0,0,1
3165.jpg,0,1,0,0
3166.jpg,0,1,0,0
3167.jpg,0,1,0,0
3168.jpg,1,0,0,0
3169.jpg,0,1,0,0
3170.jpg,0,1,0,0
3171.jpg,1,0,0,0
3172.jpg,0,1,0,0
3173.jpg,0,1,0,0
3174.jpg,0,1,0,0
3175.jpg,0,1,0,0
3176.jpg,0,1,0,0
3177.jpg,1,0,0,0
3178.jpg,0,1,0,0
3179.jpg,0,1,0,0
3180.jpg,0,1,0,0
3181.jpg,0,1,0,0
3182.jpg,0,1,0,0
3183.jpg,0,1,0,0
3184.jpg,0,0,0,1
3185.jpg,1,0,0,0
3186.jpg,0,1,0,0
3187.jpg,0,1,0,0
3188.jpg,1,0,0,0
3189.jpg,0,1,0,0
3190.jpg,0,0,0,1
3191.jpg,1,0,0,0
3192.jpg,1,0,0,0
3193.jpg,1,0,0,0
3194.jpg,0,1,0,0
3195.jpg,0,1,0,0
3196.jpg,0,1,0,0
3197.jpg,0,1,0,0
3198.jpg,1,0,0,0
3199.jpg,0,1,0,0
3200.jpg,0,1,0,0
3201.jpg,0,0,1,0
3202.jpg,1,0,0,0
3203.jpg,0,1,0,0
3204.jpg,0,0,0,1
3205.jpg,0,1,0,0
3206.jpg,0,1,0,0
3207.jpg,1,0,0,0
3208.jpg,1,0,0,0
3209.jpg,1,0,0,0
3210.jpg,1,0,0,0
3211.jpg,1,0,0,0
3212.jpg,0,1,0,0
3213.jpg,0,1,0,0
3214.jpg,0,1,0,0
3215.jpg,0,1,0,0
3216.jpg,0,1,0,0
3217.jpg,0,0,0,1
3218.jpg,1,0,0,0
3219.jpg,0,0,0,1
3220.jpg,0,1,0,0
3221.jpg,0,1,0,0
3222.jpg,0,1,0,0
3223.jpg,0,1,0,0
3224.jpg,0,1,0,0
3225.jpg,0,1,0,0
3226.jpg,1,0,0,0
3227.jpg,0,0,1,0
3228.jpg,1,0,0,0
3229.jpg,0,1,0,0
3230.jpg,0,0,1,0
3231.jpg,1,0,0,0
3232.jpg,0,1,0,0
3233.jpg,0,1,0,0
3234.jpg,1,0,0,0
3235.jpg,0,1,0,0
3236.jpg,0,1,0,0
3237.jpg,1,0,0,0
3238.jpg,1,0,0,0
3239.jpg,1,0,0,0
3240.jpg,0,1,0,0
3241.jpg,0,1,0,0
3242.jpg,1,0,0,0
3243.jpg,0,0,1,0
3244.jpg,0,1,0,0
3245.jpg,0,1,0,0
3246.jpg,0,1,0,0
3247.jpg,1,0,0,0
3248.jpg,0,0,1,0
3249.jpg,0,1,0,0
3250.jpg,0,0,1,0
3251.jpg,0,1,0,0
3252.jpg,1,0,0,0
3253.jpg,0,1,0,0
3254.jpg,0,0,0,1
3255.jpg,0,1,0,0
3256.jpg,1,0,0,0
3257.jpg,0,1,0,0
3258.jpg,0,1,0,0
3259.jpg,0,1,0,0
3260.jpg,1,0,0,0
3261.jpg,0,1,0,0
3262.jpg,0,0,0,1
3263.jpg,0,1,0,0
3264.jpg,0,1,0,0
3265.jpg,1,0,0,0
3266.jpg,1,0,0,0
3267.jpg,0,1,0,0
3268.jpg,0,1,0,0
3269.jpg,0,1,0,0
3270.jpg,0,1,0,0
3271.jpg,0,1,0,0
3272.jpg,0,1,0,0
3273.jpg,0,1,0,0
3274.jpg,0,1,0,0
3275.jpg,0,1,0,0
3276.jpg,0,1,0,0
3277.jpg,0,0,0,1
3278.jpg,0,1,0,0
3279.jpg,0,1,0,0
3280.jpg,1,0,0,0
3281.jpg,0,1,0,0
3282.jpg,1,0,0,0
3283.jpg,0,1,0,0
3284.jpg,0,1,0,0
3285.jpg,0,1,0,0
3286.jpg,0,1,0,0
3287.jpg,1,0,0,0
3288.jpg,1,0,0,0
3289.jpg,0,1,0,0
3290.jpg,0,1,0,0
3291.jpg,0,1,0,0
3292.jpg,0,1,0,0
3293.jpg,0,1,0,0
3294.jpg,0,1,0,0
3295.jpg,0,1,0,0
3296.jpg,1,0,0,0
3297.jpg,1,0,0,0
3298.jpg,0,1,0,0
3299.jpg,0,1,0,0
3300.jpg,0,1,0,0
3301.jpg,1,0,0,0
3302.jpg,0,1,0,0
3303.jpg,1,0,0,0
3304.jpg,0,1,0,0
3305.jpg,0,1,0,0
3306.jpg,1,0,0,0
3307.jpg,0,0,0,1
3308.jpg,0,1,0,0
3309.jpg,0,1,0,0
3310.jpg,0,0,0,1
3311.jpg,0,1,0,0
3312.jpg,0,1,0,0
3313.jpg,1,0,0,0
3314.jpg,0,1,0,0
3315.jpg,0,0,0,1
3316.jpg,1,0,0,0
3317.jpg,0,1,0,0
3318.jpg,0,1,0,0
3319.jpg,1,0,0,0
3320.jpg,0,1,0,0
3321.jpg,0,1,0,0
3322.jpg,0,1,0,0
3323.jpg,0,1,0,0
3324.jpg,0,1,0,0
3325.jpg,0,1,0,0
3326.jpg,0,0,1,0
3327.jpg,1,0,0,0
3328.jpg,0,0,0,1
3329.jpg,0,1,0,0
3330.jpg,0,1,0,0
3331.jpg,0,1,0,0
3332.jpg,0,1,0,0
3333.jpg,0,1,0,0
3334.jpg,0,1,0,0
3335.jpg,1,0,0,0
3336.jpg,0,1,0,0
3337.jpg,0,1,0,0
3338.jpg,1,0,0,0
3339.jpg,0,1,0,0
3340.jpg,0,1,0,0
3341.jpg,1,0,0,0
3342.jpg,0,1,0,0
3343.jpg,0,0,1,0
3344.jpg,1,0,0,0
3345.jpg,0,1,0,0
3346.jpg,0,1,0,0
3347.jpg,0,1,0,0
3348.jpg,0,1,0,0
3349.jpg,0,0,0,1
3350.jpg,0,1,0,0
3351.jpg,1,0,0,0
3352.jpg,0,1,0,0
3353.jpg,0,1,0,0
3354.jpg,1,0,0,0
3355.jpg,1,0,0,0
3356.jpg,0,0,0,1
3357.jpg,0,1,0,0
3358.jpg,1,0,0,0
3359.jpg,0,1,0,0
3360.jpg,0,1,0,0
3361.jpg,0,1,0,0
3362.jpg,0,1,0,0
3363.jpg,0,1,0,0
3364.jpg,0,0,0,1
3365.jpg,0,1,0,0
3366.jpg,1,0,0,0
3367.jpg,0,1,0,0
3368.jpg,1,0,0,0
3369.jpg,0,1,0,0
3370.jpg,1,0,0,0
3371.jpg,0,0,1,0
3372.jpg,0,1,0,0
3373.jpg,0,1,0,0
3374.jpg,0,1,0,0
3375.jpg,1,0,0,0
3376.jpg,0,1,0,0
3377.jpg,0,1,0,0
3378.jpg,1,0,0,0
3379.jpg,0,1,0,0
3380.jpg,0,1,0,0
3381.jpg,0,0,0,1
3382.jpg,0,1,0,0
3383.jpg,0,1,0,0
3384.jpg,0,1,0,0
3385.jpg,0,1,0,0
3386.jpg,1,0,0,0
3387.jpg,0,1,0,0
3388.jpg,0,1,0,0
3389.jpg,0,1,0,0
3390.jpg,0,1,0,0
3391.jpg,0,1,0,0
3392.jpg,0,1,0,0
3393.jpg,0,1,0,0
3394.jpg,0,1,0,0
3395.jpg,0,1,0,0
3396.jpg,0,0,0,1
3397.jpg,0,1,0,0
3398.jpg,1,0,0,0
3399.jpg,0,0,0,1
3400.jpg,1,0,0,0
3401.jpg,0,1,0,0
3402.jpg,0,0,0,1
3403.jpg,0,1,0,0
3404.jpg,0,1,0,0
3405.jpg,1,0,0,0
3406.jpg,0,1,0,0
3407.jpg,1,0,0,0
3408.jpg,0,0,0,1
3409.jpg,0,1,0,0
3410.jpg,0,0,1,0
3411.jpg,1,0,0,0
3412.jpg,1,0,0,0
3413.jpg,0,1,0,0
3414.jpg,0,1,0,0
3415.jpg,0,1,0,0
3416.jpg,0,1,0,0
3417.jpg,0,0,1,0
3418.jpg,0,1,0,0
3419.jpg,0,1,0,0
3420.jpg,0,1,0,0
3421.jpg,0,1,0,0
3422.jpg,1,0,0,0
3423.jpg,0,1,0,0
3424.jpg,0,1,0,0
3425.jpg,1,0,0,0
3426.jpg,1,0,0,0
3427.jpg,1,0,0,0
3428.jpg,0,1,0,0
3429.jpg,1,0,0,0
3430.jpg,0,1,0,0
3431.jpg,0,1,0,0
3432.jpg,0,1,0,0
3433.jpg,0,1,0,0
3434.jpg,0,1,0,0
3435.jpg,0,1,0,0
3436.jpg,0,1,0,0
3437.jpg,0,1,0,0
3438.jpg,0,0,0,1
3439.jpg,0,1,0,0
3440.jpg,1,0,0,0
3441.jpg,1,0,0,0
3442.jpg,1,0,0,0
3443.jpg,1,0,0,0
3444.jpg,1,0,0,0
3445.jpg,0,0,0,1
3446.jpg,0,1,0,0
3447.jpg,1,0,0,0
3448.jpg,0,1,0,0
3449.jpg,1,0,0,0
3450.jpg,0,1,0,0
3451.jpg,1,0,0,0
3452.jpg,0,1,0,0
3453.jpg,0,1,0,0
3454.jpg,0,1,0,0
3455.jpg,0,1,0,0
3456.jpg,0,0,1,0
3457.jpg,0,0,0,1
3458.jpg,1,0,0,0
3459.jpg,0,1,0,0
3460.jpg,0,1,0,0
3461.jpg,0,1,0,0
3462.jpg,1,0,0,0
3463.jpg,0,0,0,1
3464.jpg,0,1,0,0
3465.jpg,1,0,0,0
3466.jpg,1,0,0,0
3467.jpg,0,1,0,0
3468.jpg,0,1,0,0
3469.jpg,0,1,0,0
3470.jpg,0,0,1,0
3471.jpg,0,1,0,0
3472.jpg,0,1,0,0
3473.jpg,1,0,0,0
3474.jpg,0,1,0,0
3475.jpg,0,1,0,0
3476.jpg,1,0,0,0
3477.jpg,1,0,0,0
3478.jpg,1,0,0,0
3479.jpg,0,0,1,0
3480.jpg,0,1,0,0
3481.jpg,0,1,0,0
3482.jpg,0,1,0,0
3483.jpg,0,1,0,0
3484.jpg,0,1,0,0
3485.jpg,0,1,0,0
3486.jpg,0,0,0,1
3487.jpg,0,1,0,0
3488.jpg,0,0,1,0
3489.jpg,1,0,0,0
3490.jpg,0,1,0,0
3491.jpg,0,0,1,0
3492.jpg,0,1,0,0
3493.jpg,0,1,0,0
3494.jpg,1,0,0,0
3495.jpg,1,0,0,0
3496.jpg,0,1,0,0
3497.jpg,0,1,0,0
3498.jpg,0,1,0,0
3499.jpg,0,1,0,0
3500.jpg,0,1,0,0
3501.jpg,0,1,0,0
3502.jpg,1,0,0,0
3503.jpg,0,1,0,0
3504.jpg,0,1,0,0
3505.jpg,0,1,0,0
3506.jpg,0,0,0,1
3507.jpg,0,1,0,0
3508.jpg,1,0,0,0
3509.jpg,0,1,0,0
3510.jpg,1,0,0,0
3511.jpg,1,0,0,0
3512.jpg,0,1,0,0
3513.jpg,0,1,0,0
3514.jpg,0,1,0,0
3515.jpg,1,0,0,0
3516.jpg,1,0,0,0
3517.jpg,0,1,0,0
3518.jpg,0,1,0,0
3519.jpg,0,1,0,0
3520.jpg,0,1,0,0
3521.jpg,0,1,0,0
3522.jpg,0,1,0,0
3523.jpg,0,0,0,1
3524.jpg,0,0,0,1
3525.jpg,0,1,0,0
3526.jpg,0,1,0,0
3527.jpg,0,1,0,0
3528.jpg,1,0,0,0
3529.jpg,0,1,0,0
3530.jpg,1,0,0,0
3531.jpg,0,0,1,0
3532.jpg,0,1,0,0
3533.jpg,0,0,1,0
3534.jpg,0,0,1,0
3535.jpg,0,1,0,0
3536.jpg,0,1,0,0
3537.jpg,1,0,0,0
3538.jpg,0,1,0,0
3539.jpg,0,1,0,0
3540.jpg,0,1,0,0
3541.jpg,0,0,1,0
3542.jpg,0,0,0,1
3543.jpg,0,1,0,0
3544.jpg,0,1,0,0
3545.jpg,0,1,0,0
3546.jpg,1,0,0,0
3547.jpg,0,0,1,0
3548.jpg,0,1,0,0
3549.jpg,1,0,0,0
3550.jpg,0,1,0,0
3551.jpg,0,0,1,0
3552.jpg,1,0,0,0
3553.jpg,0,1,0,0
3554.jpg,1,0,0,0
3555.jpg,0,1,0,0
3556.jpg,0,1,0,0
3557.jpg,1,0,0,0
3558.jpg,0,1,0,0
3559.jpg,0,1,0,0
3560.jpg,0,1,0,0
3561.jpg,0,1,0,0
3562.jpg,0,1,0,0
3563.jpg,0,1,0,0
3564.jpg,0,1,0,0
3565.jpg,0,1,0,0
3566.jpg,0,1,0,0
3567.jpg,0,1,0,0
3568.jpg,0,0,0,1
3569.jpg,0,1,0,0
3570.jpg,0,1,0,0
3571.jpg,0,1,0,0
3572.jpg,0,1,0,0
3573.jpg,0,0,0,1
3574.jpg,0,0,0,1
3575.jpg,1,0,0,0
3576.jpg,1,0,0,0
3577.jpg,0,0,0,1
3578.jpg,0,1,0,0
3579.jpg,1,0,0,0
3580.jpg,1,0,0,0
3581.jpg,0,0,0,1
3582.jpg,0,1,0,0
3583.jpg,0,1,0,0
3584.jpg,0,1,0,0
3585.jpg,1,0,0,0
3586.jpg,0,0,0,1
3587.jpg,0,1,0,0
3588.jpg,0,1,0,0
3589.jpg,0,0,1,0
3590.jpg,0,1,0,0
3591.jpg,0,0,0,1
3592.jpg,0,0,1,0
3593.jpg,1,0,0,0
3594.jpg,0,0,0,1
3595.jpg,0,0,0,1
3596.jpg,0,0,0,1
3597.jpg,0,1,0,0
3598.jpg,1,0,0,0
3599.jpg,0,1,0,0
3600.jpg,0,1,0,0
3601.jpg,1,0,0,0
3602.jpg,0,1,0,0
3603.jpg,0,1,0,0
3604.jpg,0,1,0,0
3605.jpg,0,1,0,0
3606.jpg,0,0,0,1
3607.jpg,0,1,0,0
3608.jpg,1,0,0,0
3609.jpg,0,1,0,0
3610.jpg,0,1,0,0
3611.jpg,0,1,0,0
3612.jpg,0,1,0,0
3613.jpg,0,1,0,0
3614.jpg,0,1,0,0
3615.jpg,0,1,0,0
3616.jpg,0,0,0,1
3617.jpg,0,1,0,0
3618.jpg,1,0,0,0
3619.jpg,0,1,0,0
3620.jpg,0,1,0,0
3621.jpg,0,1,0,0
3622.jpg,0,1,0,0
3623.jpg,0,1,0,0
3624.jpg,0,0,0,1
3625.jpg,0,1,0,0
3626.jpg,1,0,0,0
3627.jpg,0,1,0,0
3628.jpg,1,0,0,0
3629.jpg,1,0,0,0
3630.jpg,1,0,0,0
3631.jpg,0,1,0,0
3632.jpg,0,1,0,0
3633.jpg,0,1,0,0
3634.jpg,0,0,1,0
3635.jpg,0,1,0,0
3636.jpg,1,0,0,0
3637.jpg,0,1,0,0
3638.jpg,0,1,0,0
3639.jpg,0,1,0,0
3640.jpg,1,0,0,0
3641.jpg,1,0,0,0
3642.jpg,0,1,0,0
3643.jpg,0,1,0,0
3644.jpg,1,0,0,0
3645.jpg,1,0,0,0
3646.jpg,0,1,0,0
3647.jpg,0,1,0,0
3648.jpg,1,0,0,0
3649.jpg,0,1,0,0
3650.jpg,0,1,0,0
3651.jpg,0,1,0,0
3652.jpg,0,1,0,0
3653.jpg,0,1,0,0
3654.jpg,0,1,0,0
3655.jpg,0,1,0,0
3656.jpg,1,0,0,0
3657.jpg,0,1,0,0
3658.jpg,0,1,0,0
3659.jpg,0,0,1,0
3660.jpg,1,0,0,0
3661.jpg,0,1,0,0
3662.jpg,0,0,0,1
3663.jpg,0,1,0,0
3664.jpg,0,1,0,0
3665.jpg,0,1,0,0
3666.jpg,1,0,0,0
3667.jpg,0,1,0,0
3668.jpg,0,1,0,0
3669.jpg,0,1,0,0
3670.jpg,0,1,0,0
3671.jpg,0,0,0,1
3672.jpg,0,1,0,0
3673.jpg,0,1,0,0
3674.jpg,0,1,0,0
3675.jpg,0,0,1,0
3676.jpg,0,1,1,0
3677.jpg,0,1,0,0
3678.jpg,0,1,0,0
3679.jpg,1,0,0,0
3680.jpg,0,1,0,0
3681.jpg,1,0,0,0
3682.jpg,0,0,1,0
3683.jpg,0,1,0,0
3684.jpg,0,1,0,0
3685.jpg,0,1,0,0
3686.jpg,0,1,0,0
3687.jpg,0,1,0,0
3688.jpg,1,0,0,0
3689.jpg,0,1,0,0
3690.jpg,0,1,0,0
3691.jpg,0,1,0,0
3692.jpg,0,1,0,0
3693.jpg,0,1,0,0
3694.jpg,0,0,0,1
3695.jpg,0,1,0,0
3696.jpg,0,0,0,1
3697.jpg,0,0,0,1
3698.jpg,1,0,0,0
3699.jpg,0,1,0,0
3700.jpg,1,0,0,0
3701.jpg,0,1,0,0
3702.jpg,0,1,0,0
3703.jpg,0,0,0,1
3704.jpg,0,1,0,0
3705.jpg,0,1,0,0
3706.jpg,0,1,0,0
3707.jpg,1,0,0,0
3708.jpg,0,1,0,0
3709.jpg,1,0,0,0
3710.jpg,1,0,0,0
3711.jpg,0,0,1,0
3712.jpg,0,1,0,0
3713.jpg,0,1,0,0
3714.jpg,0,1,0,0
3715.jpg,0,0,0,1
3716.jpg,0,0,0,1
3717.jpg,1,0,0,0
3718.jpg,1,0,0,0
3719.jpg,0,1,0,0
3720.jpg,0,1,0,0
3721.jpg,0,1,0,0
3722.jpg,0,1,0,0
3723.jpg,1,0,0,0
3724.jpg,0,1,0,0
3725.jpg,0,1,0,0
3726.jpg,0,1,0,0
3727.jpg,0,1,0,0
3728.jpg,0,1,0,0
3729.jpg,0,1,0,0
3730.jpg,0,0,1,0
3731.jpg,0,1,0,0
3732.jpg,0,1,0,0
3733.jpg,1,0,0,0
3734.jpg,0,0,1,0
3735.jpg,1,0,0,0
3736.jpg,0,1,0,0
3737.jpg,0,0,0,1
3738.jpg,1,0,0,0
3739.jpg,0,1,0,0
3740.jpg,1,0,0,0
3741.jpg,0,1,0,0
3742.jpg,0,0,0,1
3743.jpg,1,0,0,0
3744.jpg,0,1,0,0
3745.jpg,0,1,0,0
3746.jpg,0,0,1,0
3747.jpg,0,1,0,0
3748.jpg,0,1,0,0
3749.jpg,0,1,0,0
3750.jpg,0,1,0,0
3751.jpg,0,1,0,0
3752.jpg,0,1,0,0
3753.jpg,0,1,0,0
3754.jpg,0,0,0,1
3755.jpg,0,1,0,0
3756.jpg,0,1,0,0
3757.jpg,0,1,0,0
3758.jpg,0,1,0,0
3759.jpg,0,1,0,0
3760.jpg,0,0,0,1
3761.jpg,0,0,0,1
3762.jpg,0,1,0,0
3763.jpg,0,1,0,0
3764.jpg,0,0,0,1
3765.jpg,0,1,0,0
3766.jpg,1,0,0,0
3767.jpg,0,1,0,0
3768.jpg,1,0,0,0
3769.jpg,0,1,0,0
3770.jpg,0,1,0,0
3771.jpg,1,0,0,0
3772.jpg,0,1,0,0
3773.jpg,1,0,0,0
3774.jpg,0,1,0,0
3775.jpg,0,1,0,0
3776.jpg,0,1,0,0
3777.jpg,0,1,0,0
3778.jpg,0,1,0,0
3779.jpg,0,1,0,0
3780.jpg,1,0,0,0
3781.jpg,1,0,0,0
3782.jpg,1,0,0,0
3783.jpg,0,1,0,0
3784.jpg,0,1,0,0
3785.jpg,0,1,0,0
3786.jpg,0,1,0,0
3787.jpg,0,0,1,0
3788.jpg,0,1,0,0
3789.jpg,1,0,0,0
3790.jpg,0,1,0,0
3791.jpg,1,0,0,0
3792.jpg,1,0,0,0
3793.jpg,1,0,0,0
3794.jpg,0,0,1,0
3795.jpg,0,1,0,0
3796.jpg,0,1,0,0
3797.jpg,1,0,0,0
3798.jpg,0,1,0,0
3799.jpg,0,1,0,0
3800.jpg,0,1,0,0
3801.jpg,1,0,0,0
3802.jpg,0,1,0,0
3803.jpg,0,0,0,1
3804.jpg,0,1,0,0
3805.jpg,0,0,0,1
3806.jpg,0,1,0,0
3807.jpg,0,1,0,0
3808.jpg,0,0,0,1
3809.jpg,0,0,1,0
3810.jpg,1,0,0,0
3811.jpg,0,0,1,0
3812.jpg,1,0,0,0
3813.jpg,0,1,0,0
3814.jpg,0,1,0,0
3815.jpg,0,1,0,0
3816.jpg,1,0,0,0
3817.jpg,1,0,0,0
3818.jpg,0,1,0,0
3819.jpg,1,0,0,0
3820.jpg,0,1,0,0
3821.jpg,0,0,0,1
3822.jpg,0,1,0,0
3823.jpg,0,1,0,0
3824.jpg,0,1,0,0
3825.jpg,0,1,0,0
3826.jpg,1,0,0,0
3827.jpg,0,1,0,0
3828.jpg,0,1,0,0
3829.jpg,1,0,0,0
3830.jpg,0,0,0,1
3831.jpg,0,1,0,0
3832.jpg,1,0,0,0
3833.jpg,1,0,0,0
3834.jpg,0,1,0,0
3835.jpg,0,1,0,0
3836.jpg,0,1,0,0
3837.jpg,0,1,0,0
3838.jpg,0,1,0,0
3839.jpg,0,1,0,0
3840.jpg,0,1,0,0
3841.jpg,0,1,0,0
3842.jpg,0,0,0,1
3843.jpg,0,1,0,0
3844.jpg,0,1,0,0
3845.jpg,0,0,0,1
3846.jpg,0,1,0,0
3847.jpg,1,0,0,0
3848.jpg,0,1,0,0
3849.jpg,0,0,1,0
3850.jpg,0,1,0,0
3851.jpg,1,0,0,0
3852.jpg,0,1,0,0
3853.jpg,0,0,0,1
3854.jpg,0,1,0,0
3855.jpg,0,1,0,0
3856.jpg,0,0,0,1
3857.jpg,0,1,0,0
3858.jpg,0,1,0,0
3859.jpg,0,1,0,0
3860.jpg,1,0,0,0
3861.jpg,1,0,0,0
3862.jpg,0,1,0,0
3863.jpg,0,1,0,0
3864.jpg,1,0,0,0
3865.jpg,0,0,0,1
3866.jpg,0,1,0,0
3867.jpg,1,0,0,0
3868.jpg,0,1,0,0
3869.jpg,0,0,0,1
3870.jpg,0,1,0,0
3871.jpg,0,1,0,0
3872.jpg,0,1,0,0
3873.jpg,1,0,0,0
3874.jpg,1,0,0,0
3875.jpg,0,1,0,0
3876.jpg,0,1,0,0
3877.jpg,1,0,0,0
3878.jpg,0,1,0,0
3879.jpg,0,1,0,0
3880.jpg,1,0,0,0
3881.jpg,0,0,0,1
3882.jpg,1,0,0,0
3883.jpg,0,1,0,0
3884.jpg,0,1,0,0
3885.jpg,0,1,0,0
3886.jpg,0,0,0,1
3887.jpg,1,0,0,0
3888.jpg,0,1,0,0
3889.jpg,1,0,0,0
3890.jpg,0,1,0,0
3891.jpg,0,1,0,0
3892.jpg,0,1,0,0
3893.jpg,0,1,0,0
3894.jpg,0,1,0,0
3895.jpg,0,1,0,0
3896.jpg,0,1,0,0
3897.jpg,0,0,1,0
3898.jpg,0,1,0,0
3899.jpg,0,1,0,0
3900.jpg,0,1,0,0
3901.jpg,0,1,0,0
3902.jpg,0,1,0,0
3903.jpg,1,0,0,0
3904.jpg,0,0,0,1
3905.jpg,1,0,0,0
3906.jpg,0,0,0,1
3907.jpg,1,0,0,0
3908.jpg,0,1,0,0
3909.jpg,0,0,0,1
3910.jpg,1,0,0,0
3911.jpg,0,1,0,0
3912.jpg,0,1,0,0
3913.jpg,0,1,0,0
3914.jpg,1,0,0,0
3915.jpg,1,0,0,0
3916.jpg,1,0,0,0
3917.jpg,0,0,1,0
3918.jpg,0,1,0,0
3919.jpg,0,1,0,0
3920.jpg,0,1,0,0
3921.jpg,0,0,0,1
3922.jpg,0,1,0,0
3923.jpg,0,1,0,0
3924.jpg,0,0,0,1
3925.jpg,1,0,0,0
3926.jpg,1,0,0,0
3927.jpg,0,1,0,0
3928.jpg,0,1,0,0
3929.jpg,0,1,0,0
3930.jpg,0,1,0,0
3931.jpg,0,1,0,0
3932.jpg,0,1,0,0
3933.jpg,0,1,0,0
3934.jpg,1,0,0,0
3935.jpg,0,1,0,0
3936.jpg,0,1,0,0
3937.jpg,0,1,0,0
3938.jpg,0,1,0,0
3939.jpg,1,0,0,0
3940.jpg,1,0,0,0
3941.jpg,0,1,0,0
3942.jpg,0,0,0,1
3943.jpg,0,0,1,0
3944.jpg,0,1,0,0
3945.jpg,0,1,0,0
3946.jpg,1,0,0,0
3947.jpg,1,0,0,0
3948.jpg,1,0,0,0
3949.jpg,0,1,0,0
3950.jpg,1,0,0,0
3951.jpg,0,1,0,0
3952.jpg,0,1,0,0
3953.jpg,0,0,0,1
3954.jpg,0,1,0,0
3955.jpg,1,0,0,0
3956.jpg,1,0,0,0
3957.jpg,0,0,0,1
3958.jpg,0,1,0,0
3959.jpg,0,0,0,1
3960.jpg,0,0,0,1
3961.jpg,0,1,0,0
3962.jpg,0,1,0,0
3963.jpg,0,1,0,0
3964.jpg,0,1,0,0
3965.jpg,1,0,0,0
3966.jpg,0,1,0,0
3967.jpg,0,1,0,0
3968.jpg,0,1,0,0
3969.jpg,0,0,0,1
3970.jpg,0,1,0,0
3971.jpg,1,0,0,0
3972.jpg,0,1,0,0
3973.jpg,0,1,0,0
3974.jpg,0,0,0,1
3975.jpg,1,0,0,0
3976.jpg,0,1,0,0
3977.jpg,0,0,0,1
3978.jpg,0,1,0,0
3979.jpg,1,0,0,0
3980.jpg,0,1,0,0
3981.jpg,1,0,0,0
3982.jpg,0,1,0,0
3983.jpg,0,1,0,0
3984.jpg,0,0,0,1
3985.jpg,0,1,0,0
3986.jpg,0,1,0,0
3987.jpg,0,1,0,0
3988.jpg,0,0,1,0
3989.jpg,1,0,0,0
3990.jpg,1,0,0,0
3991.jpg,1,0,0,0
3992.jpg,0,1,0,0
3993.jpg,0,0,0,1
3994.jpg,0,1,0,0
3995.jpg,1,0,0,0
3996.jpg,0,1,0,0
3997.jpg,0,1,0,0
3998.jpg,0,0,1,0
3999.jpg,1,0,0,0
4000.jpg,0,1,0,0
4001.jpg,0,1,0,0
4002.jpg,0,1,0,0
4003.jpg,0,1,0,0
4004.jpg,0,1,0,0
4005.jpg,1,0,0,0
4006.jpg,0,1,0,0
4007.jpg,0,0,0,1
4008.jpg,0,1,0,0
4009.jpg,0,1,0,0
4010.jpg,1,0,0,0
4011.jpg,0,1,0,0
4012.jpg,0,1,0,0
4013.jpg,0,1,0,0
4014.jpg,0,1,0,0
4015.jpg,0,1,0,0
4016.jpg,0,1,0,0
4017.jpg,0,1,0,0
4018.jpg,0,1,0,0
4019.jpg,0,1,0,0
4020.jpg,0,0,0,1
4021.jpg,1,0,0,0
4022.jpg,0,0,1,0
4023.jpg,0,1,0,0
4024.jpg,0,1,0,0
4025.jpg,0,1,0,0
4026.jpg,0,0,0,1
4027.jpg,0,1,0,0
4028.jpg,1,0,0,0
4029.jpg,1,0,0,0
4030.jpg,0,1,0,0
4031.jpg,0,1,0,0
4032.jpg,0,1,0,0
4033.jpg,0,1,0,0
4034.jpg,1,0,0,0
4035.jpg,0,0,0,1
4036.jpg,1,0,0,0
4037.jpg,1,0,0,0
4038.jpg,0,1,0,0
4039.jpg,0,0,0,1
4040.jpg,0,0,0,1
4041.jpg,0,0,1,0
4042.jpg,0,0,0,1
4043.jpg,0,1,0,0
4044.jpg,0,1,0,0
4045.jpg,0,1,0,0
4046.jpg,0,1,0,0
4047.jpg,0,1,0,0
4048.jpg,1,0,0,0
4049.jpg,0,1,0,0
4050.jpg,0,1,0,0
4051.jpg,0,1,0,0
4052.jpg,1,0,0,0
4053.jpg,1,0,0,0
4054.jpg,0,1,0,0
4055.jpg,0,1,0,0
4056.jpg,0,1,0,0
4057.jpg,0,1,0,0
4058.jpg,1,0,0,0
4059.jpg,0,1,0,0
4060.jpg,0,1,0,0
4061.jpg,0,1,0,0
4062.jpg,0,1,0,0
4063.jpg,1,0,0,0
4064.jpg,0,0,1,0
4065.jpg,0,1,0,0
4066.jpg,0,1,0,0
4067.jpg,0,1,0,0
4068.jpg,0,0,0,1
4069.jpg,0,1,0,0
4070.jpg,0,1,1,0
4071.jpg,1,0,0,0
4072.jpg,1,0,0,0
4073.jpg,0,1,0,0
4074.jpg,0,1,0,0
4075.jpg,0,1,0,0
4076.jpg,0,0,0,1
4077.jpg,0,1,0,0
4078.jpg,0,1,0,0
4079.jpg,0,1,0,0
4080.jpg,0,1,0,0
4081.jpg,0,1,0,0
4082.jpg,0,1,0,0
4083.jpg,0,1,0,0
4084.jpg,1,0,0,0
4085.jpg,0,1,0,0
4086.jpg,0,1,0,0
4087.jpg,1,0,0,0
4088.jpg,1,0,0,0
4089.jpg,0,1,0,0
4090.jpg,0,1,0,0
4091.jpg,0,1,0,0
4092.jpg,0,1,0,0
4093.jpg,0,0,0,1
4094.jpg,0,1,0,0
4095.jpg,1,0,0,0
4096.jpg,0,0,0,1
4097.jpg,0,0,1,0
4098.jpg,0,1,0,0
4099.jpg,0,1,0,0
4100.jpg,0,1,0,0
4101.jpg,0,1,0,0
4102.jpg,0,1,0,0
4103.jpg,0,1,0,0
4104.jpg,0,1,0,0
