Image Name,Category
0.jpg,2
1.jpg,18
2.jpg,8
3.jpg,4
4.jpg,3
5.jpg,5
6.jpg,9
7.jpg,9
8.jpg,10
9.jpg,10
10.jpg,21
11.jpg,22
12.jpg,6
13.jpg,6
14.jpg,4
15.jpg,14
16.jpg,1
17.jpg,11
18.jpg,5
19.jpg,10
20.jpg,18
21.jpg,13
22.jpg,9
23.jpg,7
24.jpg,11
25.jpg,18
26.jpg,10
27.jpg,19
28.jpg,16
29.jpg,10
30.jpg,6
31.jpg,13
32.jpg,3
33.jpg,3
34.jpg,8
35.jpg,9
36.jpg,22
37.jpg,14
38.jpg,11
39.jpg,5
40.jpg,12
41.jpg,7
42.jpg,8
43.jpg,17
44.jpg,4
45.jpg,16
46.jpg,18
47.jpg,15
48.jpg,1
49.jpg,12
50.jpg,4
51.jpg,2
52.jpg,18
53.jpg,9
54.jpg,18
55.jpg,3
56.jpg,9
57.jpg,20
58.jpg,3
59.jpg,14
60.jpg,21
61.jpg,8
62.jpg,8
63.jpg,19
64.jpg,9
65.jpg,1
66.jpg,15
67.jpg,12
68.jpg,20
69.jpg,20
70.jpg,4
71.jpg,8
72.jpg,3
73.jpg,22
74.jpg,22
75.jpg,11
76.jpg,3
77.jpg,12
78.jpg,11
79.jpg,18
80.jpg,5
81.jpg,16
82.jpg,20
83.jpg,12
84.jpg,2
85.jpg,8
86.jpg,1
87.jpg,9
88.jpg,15
89.jpg,16
90.jpg,8
91.jpg,13
92.jpg,3
93.jpg,18
94.jpg,13
95.jpg,21
96.jpg,4
97.jpg,5
98.jpg,4
99.jpg,16
100.jpg,2
101.jpg,12
102.jpg,6
103.jpg,1
104.jpg,13
105.jpg,1
106.jpg,10
107.jpg,5
108.jpg,19
109.jpg,15
110.jpg,2
111.jpg,12
112.jpg,13
113.jpg,1
114.jpg,11
115.jpg,2
116.jpg,19
117.jpg,10
118.jpg,13
119.jpg,4
120.jpg,17
121.jpg,11
122.jpg,9
123.jpg,3
124.jpg,15
125.jpg,11
126.jpg,18
127.jpg,7
128.jpg,10
129.jpg,3
130.jpg,10
131.jpg,1
132.jpg,10
133.jpg,2
134.jpg,13
135.jpg,22
136.jpg,21
137.jpg,9
138.jpg,11
139.jpg,17
140.jpg,2
141.jpg,19
142.jpg,14
143.jpg,4
144.jpg,13
145.jpg,21
146.jpg,1
147.jpg,11
148.jpg,21
149.jpg,16
150.jpg,11
151.jpg,1
152.jpg,1
153.jpg,17
154.jpg,5
155.jpg,21
156.jpg,21
157.jpg,22
158.jpg,6
159.jpg,22
160.jpg,4
161.jpg,8
162.jpg,2
163.jpg,6
164.jpg,13
165.jpg,20
166.jpg,18
167.jpg,8
168.jpg,3
169.jpg,11
170.jpg,6
171.jpg,7
172.jpg,21
173.jpg,18
174.jpg,18
175.jpg,13
176.jpg,12
177.jpg,16
178.jpg,13
179.jpg,4
180.jpg,22
181.jpg,12
182.jpg,1
183.jpg,11
184.jpg,1
185.jpg,10
186.jpg,12
187.jpg,22
188.jpg,9
189.jpg,16
190.jpg,15
191.jpg,12
192.jpg,12
193.jpg,3
194.jpg,13
195.jpg,21
196.jpg,5
197.jpg,5
198.jpg,11
199.jpg,12
200.jpg,9
201.jpg,7
202.jpg,14
203.jpg,3
204.jpg,10
205.jpg,21
206.jpg,4
207.jpg,20
208.jpg,16
209.jpg,12
210.jpg,19
211.jpg,12
212.jpg,8
213.jpg,6
214.jpg,10
215.jpg,4
216.jpg,6
217.jpg,2
218.jpg,6
219.jpg,21
220.jpg,20
221.jpg,5
222.jpg,11
223.jpg,7
224.jpg,7
225.jpg,1
226.jpg,5
227.jpg,8
228.jpg,19
229.jpg,1
230.jpg,1
231.jpg,11
232.jpg,17
233.jpg,21
234.jpg,22
235.jpg,4
236.jpg,9
237.jpg,22
238.jpg,4
239.jpg,8
240.jpg,12
241.jpg,18
242.jpg,8
243.jpg,6
244.jpg,12
245.jpg,9
246.jpg,14
247.jpg,6
248.jpg,22
249.jpg,3
250.jpg,9
251.jpg,12
252.jpg,3
253.jpg,8
254.jpg,8
255.jpg,10
256.jpg,20
257.jpg,16
258.jpg,20
259.jpg,19
260.jpg,9
261.jpg,15
262.jpg,11
263.jpg,9
264.jpg,17
265.jpg,3
266.jpg,17
267.jpg,5
268.jpg,21
270.jpg,19
271.jpg,15
272.jpg,1
273.jpg,15
274.jpg,10
275.jpg,18
276.jpg,8
277.jpg,9
278.jpg,15
279.jpg,7
280.jpg,14
281.jpg,14
282.jpg,5
283.jpg,18
284.jpg,19
285.jpg,18
286.jpg,6
287.jpg,13
288.jpg,10
289.jpg,9
290.jpg,14
291.jpg,20
292.jpg,5
293.jpg,14
294.jpg,14
295.jpg,15
296.jpg,2
297.jpg,5
299.jpg,4
300.jpg,12
301.jpg,16
302.jpg,10
303.jpg,19
304.jpg,9
305.jpg,16
306.jpg,20
307.jpg,10
308.jpg,12
309.jpg,2
310.jpg,19
311.jpg,20
312.jpg,13
313.jpg,15
314.jpg,18
315.jpg,18
316.jpg,22
317.jpg,20
318.jpg,9
319.jpg,1
320.jpg,1
321.jpg,17
322.jpg,13
323.jpg,7
324.jpg,2
325.jpg,3
326.jpg,7
327.jpg,21
328.jpg,14
329.jpg,6
330.jpg,7
331.jpg,9
332.jpg,5
333.jpg,6
334.jpg,20
335.jpg,2
336.jpg,8
337.jpg,1
338.jpg,15
339.jpg,18
340.jpg,5
341.jpg,13
342.jpg,18
343.jpg,1
344.jpg,8
345.jpg,18
346.jpg,13
347.jpg,8
348.jpg,10
349.jpg,12
350.jpg,3
351.jpg,2
352.jpg,19
353.jpg,15
354.jpg,7
355.jpg,22
356.jpg,12
357.jpg,12
358.jpg,15
359.jpg,16
360.jpg,17
361.jpg,4
362.jpg,8
363.jpg,4
365.jpg,13
366.jpg,13
367.jpg,1
368.jpg,16
369.jpg,13
370.jpg,17
371.jpg,11
372.jpg,20
373.jpg,15
374.jpg,17
375.jpg,21
376.jpg,13
377.jpg,2
378.jpg,21
379.jpg,1
380.jpg,7
381.jpg,2
382.jpg,11
383.jpg,22
384.jpg,12
385.jpg,12
386.jpg,17
387.jpg,10
388.jpg,8
389.jpg,13
390.jpg,21
391.jpg,15
392.jpg,8
393.jpg,13
394.jpg,16
395.jpg,19
396.jpg,19
397.jpg,5
398.jpg,11
399.jpg,4
400.jpg,21
401.jpg,10
402.jpg,10
403.jpg,21
404.jpg,18
405.jpg,3
406.jpg,11
407.jpg,22
408.jpg,7
409.jpg,1
410.jpg,12
411.jpg,5
412.jpg,11
413.jpg,19
414.jpg,5
415.jpg,10
416.jpg,15
417.jpg,17
418.jpg,13
419.jpg,13
420.jpg,4
421.jpg,5
422.jpg,15
423.jpg,2
424.jpg,19
425.jpg,7
426.jpg,15
427.jpg,18
428.jpg,14
429.jpg,3
430.jpg,21
431.jpg,15
432.jpg,6
433.jpg,9
434.jpg,8
435.jpg,10
436.jpg,21
437.jpg,12
438.jpg,12
439.jpg,17
440.jpg,16
441.jpg,18
442.jpg,1
443.jpg,11
444.jpg,3
445.jpg,5
446.jpg,19
447.jpg,21
448.jpg,21
449.jpg,17
450.jpg,2
451.jpg,10
452.jpg,11
453.jpg,11
454.jpg,22
455.jpg,19
456.jpg,4
457.jpg,6
458.jpg,2
459.jpg,11
460.jpg,1
461.jpg,2
462.jpg,5
463.jpg,19
464.jpg,21
465.jpg,15
466.jpg,16
467.jpg,11
468.jpg,17
469.jpg,8
470.jpg,21
471.jpg,17
472.jpg,16
473.jpg,6
474.jpg,14
475.jpg,16
476.jpg,1
477.jpg,1
478.jpg,21
479.jpg,15
480.jpg,21
481.jpg,22
482.jpg,16
483.jpg,12
484.jpg,6
485.jpg,20
486.jpg,9
487.jpg,19
488.jpg,8
489.jpg,8
490.jpg,3
491.jpg,18
492.jpg,12
493.jpg,9
494.jpg,4
495.jpg,16
496.jpg,1
497.jpg,21
498.jpg,9
499.jpg,17
500.jpg,6
501.jpg,3
502.jpg,3
503.jpg,7
504.jpg,18
505.jpg,10
506.jpg,16
507.jpg,1
508.jpg,7
509.jpg,12
510.jpg,15
511.jpg,11
512.jpg,11
513.jpg,5
514.jpg,7
515.jpg,13
516.jpg,1
517.jpg,22
518.jpg,22
519.jpg,18
520.jpg,22
522.jpg,12
523.jpg,20
524.jpg,7
525.jpg,8
526.jpg,11
527.jpg,1
528.jpg,15
529.jpg,2
530.jpg,22
531.jpg,1
532.jpg,22
533.jpg,7
534.jpg,3
535.jpg,14
536.jpg,22
537.jpg,21
538.jpg,22
539.jpg,22
540.jpg,3
541.jpg,22
542.jpg,10
543.jpg,22
544.jpg,15
545.jpg,19
546.jpg,5
547.jpg,15
548.jpg,13
549.jpg,15
550.jpg,6
551.jpg,12
552.jpg,17
553.jpg,18
554.jpg,15
555.jpg,2
556.jpg,9
557.jpg,20
558.jpg,2
559.jpg,12
560.jpg,7
561.jpg,1
562.jpg,6
563.jpg,17
564.jpg,7
565.jpg,7
566.jpg,19
567.jpg,19
568.jpg,17
569.jpg,19
570.jpg,7
571.jpg,19
572.jpg,14
573.jpg,5
574.jpg,21
575.jpg,9
576.jpg,3
577.jpg,10
578.jpg,10
579.jpg,8
580.jpg,10
581.jpg,3
582.jpg,22
583.jpg,18
584.jpg,10
585.jpg,14
586.jpg,10
587.jpg,16
588.jpg,3
589.jpg,1
590.jpg,9
591.jpg,16
592.jpg,14
593.jpg,19
594.jpg,8
595.jpg,11
596.jpg,16
597.jpg,21
598.jpg,13
599.jpg,12
600.jpg,6
601.jpg,5
602.jpg,12
603.jpg,12
604.jpg,11
605.jpg,6
606.jpg,17
607.jpg,16
608.jpg,13
609.jpg,15
610.jpg,2
611.jpg,16
612.jpg,18
613.jpg,21
614.jpg,1
615.jpg,2
616.jpg,17
617.jpg,10
618.jpg,12
619.jpg,7
620.jpg,18
621.jpg,2
622.jpg,6
623.jpg,18
624.jpg,1
625.jpg,17
626.jpg,2
627.jpg,4
628.jpg,22
629.jpg,2
630.jpg,22
631.jpg,6
632.jpg,3
633.jpg,18
634.jpg,3
635.jpg,7
636.jpg,19
637.jpg,12
638.jpg,11
639.jpg,3
640.jpg,11
641.jpg,7
642.jpg,15
643.jpg,22
644.jpg,3
645.jpg,18
646.jpg,19
647.jpg,17
648.jpg,22
649.jpg,17
650.jpg,13
651.jpg,12
652.jpg,6
653.jpg,5
654.jpg,10
655.jpg,16
656.jpg,5
657.jpg,16
658.jpg,21
660.jpg,6
661.jpg,15
662.jpg,8
663.jpg,2
664.jpg,19
665.jpg,17
666.jpg,10
667.jpg,21
668.jpg,6
669.jpg,19
670.jpg,5
671.jpg,2
673.jpg,14
674.jpg,6
675.jpg,13
676.jpg,20
677.jpg,18
678.jpg,10
679.jpg,19
680.jpg,15
681.jpg,22
682.jpg,7
683.jpg,12
684.jpg,6
685.jpg,4
686.jpg,1
687.jpg,10
688.jpg,6
689.jpg,7
690.jpg,4
691.jpg,11
692.jpg,19
693.jpg,9
694.jpg,22
695.jpg,19
696.jpg,19
697.jpg,14
698.jpg,4
699.jpg,3
700.jpg,21
701.jpg,7
702.jpg,10
703.jpg,22
704.jpg,1
705.jpg,16
706.jpg,22
707.jpg,5
708.jpg,2
709.jpg,20
710.jpg,5
711.jpg,2
712.jpg,11
713.jpg,6
714.jpg,2
716.jpg,8
717.jpg,3
718.jpg,20
719.jpg,17
720.jpg,15
721.jpg,6
722.jpg,17
723.jpg,18
724.jpg,2
725.jpg,21
727.jpg,13
728.jpg,3
729.jpg,2
730.jpg,4
731.jpg,8
732.jpg,21
733.jpg,9
734.jpg,3
735.jpg,2
736.jpg,18
737.jpg,7
738.jpg,18
739.jpg,8
740.jpg,13
741.jpg,14
742.jpg,3
743.jpg,13
744.jpg,11
745.jpg,3
746.jpg,21
747.jpg,10
748.jpg,1
749.jpg,20
750.jpg,2
751.jpg,6
752.jpg,6
753.jpg,6
754.jpg,11
755.jpg,3
756.jpg,15
757.jpg,5
758.jpg,4
759.jpg,18
760.jpg,9
761.jpg,13
762.jpg,5
763.jpg,10
764.jpg,5
765.jpg,22
766.jpg,17
767.jpg,6
768.jpg,18
769.jpg,18
770.jpg,7
771.jpg,22
772.jpg,2
773.jpg,9
774.jpg,13
775.jpg,20
776.jpg,18
777.jpg,16
778.jpg,17
779.jpg,14
780.jpg,1
781.jpg,5
782.jpg,17
783.jpg,19
784.jpg,22
785.jpg,12
786.jpg,18
787.jpg,4
788.jpg,15
789.jpg,6
790.jpg,3
791.jpg,16
792.jpg,3
793.jpg,5
794.jpg,15
795.jpg,6
796.jpg,9
797.jpg,4
798.jpg,10
799.jpg,10
800.jpg,21
801.jpg,7
802.jpg,8
803.jpg,13
804.jpg,7
805.jpg,20
806.jpg,2
807.jpg,18
808.jpg,9
809.jpg,3
810.jpg,3
811.jpg,11
812.jpg,5
813.jpg,8
814.jpg,7
815.jpg,15
816.jpg,6
817.jpg,8
818.jpg,2
819.jpg,11
820.jpg,3
821.jpg,16
822.jpg,10
823.jpg,7
824.jpg,7
825.jpg,22
826.jpg,13
827.jpg,16
828.jpg,17
829.jpg,19
830.jpg,19
831.jpg,4
832.jpg,16
833.jpg,3
834.jpg,5
835.jpg,1
836.jpg,6
837.jpg,15
838.jpg,5
839.jpg,12
840.jpg,20
841.jpg,8
842.jpg,2
843.jpg,19
844.jpg,5
845.jpg,7
846.jpg,21
847.jpg,7
848.jpg,10
849.jpg,9
850.jpg,6
851.jpg,14
852.jpg,7
853.jpg,4
854.jpg,2
855.jpg,9
856.jpg,11
857.jpg,7
858.jpg,19
859.jpg,9
860.jpg,8
861.jpg,20
862.jpg,5
863.jpg,8
864.jpg,12
865.jpg,9
866.jpg,8
867.jpg,13
868.jpg,12
869.jpg,15
870.jpg,8
871.jpg,8
873.jpg,10
874.jpg,16
875.jpg,6
876.jpg,18
877.jpg,14
878.jpg,19
879.jpg,20
880.jpg,2
881.jpg,1
882.jpg,1
883.jpg,9
884.jpg,19
885.jpg,1
886.jpg,8
887.jpg,16
889.jpg,20
890.jpg,8
891.jpg,7
892.jpg,8
893.jpg,20
894.jpg,20
895.jpg,2
896.jpg,22
897.jpg,4
898.jpg,2
899.jpg,22
900.jpg,10
901.jpg,10
902.jpg,13
903.jpg,2
904.jpg,6
905.jpg,19
906.jpg,15
907.jpg,4
908.jpg,11
909.jpg,5
910.jpg,21
911.jpg,5
912.jpg,8
913.jpg,15
914.jpg,8
915.jpg,15
916.jpg,11
917.jpg,9
918.jpg,16
919.jpg,17
920.jpg,3
922.jpg,18
923.jpg,8
924.jpg,14
925.jpg,11
926.jpg,12
927.jpg,22
928.jpg,21
929.jpg,7
930.jpg,9
931.jpg,21
932.jpg,5
933.jpg,12
934.jpg,18
935.jpg,22
936.jpg,2
937.jpg,15
938.jpg,18
939.jpg,18
940.jpg,17
941.jpg,9
942.jpg,3
943.jpg,12
944.jpg,7
945.jpg,17
946.jpg,4
947.jpg,5
948.jpg,10
949.jpg,12
950.jpg,1
951.jpg,8
952.jpg,7
953.jpg,16
954.jpg,7
955.jpg,2
956.jpg,4
957.jpg,21
958.jpg,5
959.jpg,9
960.jpg,1
961.jpg,11
962.jpg,5
963.jpg,17
964.jpg,9
965.jpg,11
966.jpg,12
967.jpg,9
968.jpg,13
969.jpg,17
970.jpg,15
972.jpg,11
973.jpg,8
974.jpg,15
975.jpg,12
976.jpg,20
977.jpg,22
978.jpg,11
979.jpg,8
980.jpg,18
981.jpg,9
982.jpg,17
983.jpg,13
984.jpg,1
985.jpg,10
986.jpg,17
987.jpg,2
988.jpg,4
989.jpg,9
990.jpg,22
991.jpg,16
992.jpg,9
993.jpg,16
994.jpg,18
995.jpg,16
997.jpg,1
998.jpg,1
999.jpg,13
1000.jpg,22
1001.jpg,16
1002.jpg,17
1003.jpg,4
1004.jpg,15
1005.jpg,19
1006.jpg,15
1007.jpg,9
1008.jpg,13
1009.jpg,13
1010.jpg,4
1011.jpg,21
1012.jpg,9
1013.jpg,5
1014.jpg,11
1015.jpg,6
1016.jpg,17
1017.jpg,7
1018.jpg,11
1019.jpg,21
1020.jpg,3
1021.jpg,12
1022.jpg,15
1023.jpg,1
1024.jpg,21
1025.jpg,19
1026.jpg,3
1027.jpg,13
1028.jpg,12
1029.jpg,5
1030.jpg,3
1031.jpg,11
1032.jpg,4
1033.jpg,1
1034.jpg,18
1035.jpg,19
1036.jpg,18
1037.jpg,21
1038.jpg,14
1039.jpg,1
1040.jpg,5
1041.jpg,12
1042.jpg,7
1043.jpg,8
1044.jpg,8
1045.jpg,11
1046.jpg,6
1047.jpg,16
1048.jpg,12
1049.jpg,6
1050.jpg,1
1051.jpg,11
1052.jpg,13
1053.jpg,19
1054.jpg,9
1055.jpg,10
1056.jpg,4
1057.jpg,15
1058.jpg,11
1059.jpg,9
1060.jpg,18
1061.jpg,13
1062.jpg,13
1063.jpg,2
1064.jpg,21
1065.jpg,16
1066.jpg,3
1067.jpg,20
1068.jpg,21
1069.jpg,12
1070.jpg,7
1071.jpg,12
1072.jpg,11
1073.jpg,22
1074.jpg,18
1075.jpg,21
1076.jpg,21
1077.jpg,16
1078.jpg,4
1079.jpg,5
1080.jpg,13
1081.jpg,16
1082.jpg,11
1083.jpg,17
1084.jpg,10
1085.jpg,9
1086.jpg,18
1087.jpg,17
1088.jpg,13
1089.jpg,1
1090.jpg,2
1091.jpg,18
1092.jpg,18
1093.jpg,2
1094.jpg,22
1095.jpg,8
1096.jpg,21
1097.jpg,1
1098.jpg,12
1099.jpg,21
1100.jpg,17
1101.jpg,5
1102.jpg,9
1103.jpg,4
1104.jpg,4
1105.jpg,14
1106.jpg,1
1107.jpg,2
1108.jpg,2
1109.jpg,10
1110.jpg,9
1111.jpg,8
1112.jpg,5
1113.jpg,8
1114.jpg,18
1115.jpg,8
1116.jpg,10
1117.jpg,19
1118.jpg,7
1119.jpg,3
1120.jpg,1
1121.jpg,22
1122.jpg,15
1123.jpg,11
1124.jpg,1
1125.jpg,5
1126.jpg,11
1127.jpg,10
1128.jpg,4
1129.jpg,14
1130.jpg,8
1131.jpg,22
1132.jpg,2
1133.jpg,19
1134.jpg,9
1135.jpg,5
1136.jpg,17
1137.jpg,7
1138.jpg,17
1139.jpg,18
1140.jpg,17
1141.jpg,2
1142.jpg,8
1143.jpg,11
1144.jpg,19
1145.jpg,17
1146.jpg,6
1147.jpg,11
1148.jpg,7
1149.jpg,16
1150.jpg,6
1151.jpg,14
1152.jpg,5
1153.jpg,22
1154.jpg,16
1155.jpg,12
1156.jpg,13
1157.jpg,22
1158.jpg,1
1159.jpg,18
1160.jpg,10
1161.jpg,1
1162.jpg,1
1163.jpg,21
1164.jpg,4
1165.jpg,6
1166.jpg,6
1167.jpg,9
1168.jpg,2
1169.jpg,13
1170.jpg,5
1171.jpg,21
1172.jpg,6
1173.jpg,2
1174.jpg,3
1175.jpg,9
1176.jpg,16
1177.jpg,16
1178.jpg,15
1179.jpg,17
1180.jpg,13
1181.jpg,5
1182.jpg,16
1183.jpg,1
1184.jpg,11
1185.jpg,13
1186.jpg,11
1187.jpg,10
1188.jpg,14
1189.jpg,8
1190.jpg,5
1191.jpg,3
1192.jpg,2
1193.jpg,20
1194.jpg,17
1195.jpg,14
1196.jpg,8
1197.jpg,19
1198.jpg,4
1199.jpg,13
1200.jpg,5
1201.jpg,3
1202.jpg,18
1203.jpg,10
1204.jpg,10
1205.jpg,2
1206.jpg,21
1207.jpg,3
1208.jpg,13
1209.jpg,13
1210.jpg,11
1211.jpg,5
1212.jpg,6
1213.jpg,21
1214.jpg,3
1215.jpg,1
1216.jpg,1
1217.jpg,22
1218.jpg,11
1219.jpg,19
1220.jpg,5
1221.jpg,11
1222.jpg,4
1223.jpg,1
1224.jpg,5
1225.jpg,2
1226.jpg,19
1227.jpg,4
1228.jpg,6
1229.jpg,22
1230.jpg,16
1231.jpg,21
1232.jpg,3
1233.jpg,18
1234.jpg,15
1235.jpg,13
1236.jpg,6
1237.jpg,15
1238.jpg,19
1239.jpg,9
1241.jpg,7
1242.jpg,7
1243.jpg,20
1244.jpg,8
1245.jpg,15
1246.jpg,16
1247.jpg,2
1248.jpg,22
1249.jpg,4
1250.jpg,8
1251.jpg,8
1252.jpg,4
1253.jpg,21
1254.jpg,15
1255.jpg,13
1256.jpg,3
1257.jpg,21
1258.jpg,1
1259.jpg,13
1260.jpg,22
1261.jpg,19
1262.jpg,6
1263.jpg,17
1264.jpg,4
1265.jpg,12
1266.jpg,3
1267.jpg,8
1268.jpg,9
1269.jpg,12
1270.jpg,5
1271.jpg,18
1272.jpg,9
1273.jpg,1
1274.jpg,22
1275.jpg,3
1276.jpg,13
1277.jpg,22
1278.jpg,15
1279.jpg,11
1280.jpg,2
1281.jpg,4
1282.jpg,2
1283.jpg,4
1284.jpg,8
1285.jpg,8
1286.jpg,10
1287.jpg,16
1288.jpg,3
1289.jpg,21
1290.jpg,4
1291.jpg,5
1292.jpg,1
1293.jpg,3
1294.jpg,13
1295.jpg,22
1296.jpg,22
1297.jpg,19
1298.jpg,14
1299.jpg,15
1300.jpg,7
1301.jpg,10
1302.jpg,17
1303.jpg,6
1304.jpg,13
1305.jpg,4
1306.jpg,19
1307.jpg,6
1308.jpg,15
1309.jpg,17
1310.jpg,9
1311.jpg,17
1312.jpg,14
1313.jpg,19
1314.jpg,12
1315.jpg,6
1316.jpg,10
1317.jpg,17
1318.jpg,2
1319.jpg,21
1320.jpg,13
1321.jpg,4
1322.jpg,12
1323.jpg,10
1324.jpg,4
1325.jpg,1
1326.jpg,3
1327.jpg,19
1328.jpg,18
1329.jpg,8
1331.jpg,5
1332.jpg,10
1333.jpg,19
1334.jpg,21
1335.jpg,5
1336.jpg,12
1337.jpg,16
1338.jpg,13
1339.jpg,12
1340.jpg,7
1341.jpg,6
1342.jpg,21
1343.jpg,12
1344.jpg,15
1345.jpg,5
1346.jpg,16
1347.jpg,12
1348.jpg,7
1349.jpg,6
1350.jpg,21
1351.jpg,16
1352.jpg,14
1353.jpg,10
1354.jpg,5
1355.jpg,18
1356.jpg,19
1357.jpg,20
1358.jpg,20
1359.jpg,21
1360.jpg,17
1361.jpg,19
1362.jpg,13
1363.jpg,9
1364.jpg,15
1365.jpg,8
1366.jpg,11
1367.jpg,3
1368.jpg,22
1369.jpg,4
1370.jpg,11
1372.jpg,14
1373.jpg,15
1374.jpg,16
1375.jpg,11
1376.jpg,4
1377.jpg,6
1378.jpg,9
1379.jpg,5
1380.jpg,18
1381.jpg,22
1382.jpg,22
1383.jpg,1
1384.jpg,6
1385.jpg,5
1386.jpg,9
1387.jpg,16
1388.jpg,18
1389.jpg,9
1390.jpg,22
1391.jpg,21
1392.jpg,15
1393.jpg,20
1394.jpg,7
1395.jpg,12
1396.jpg,8
1397.jpg,5
1398.jpg,9
1399.jpg,12
1400.jpg,8
1401.jpg,10
1402.jpg,16
1403.jpg,1
1404.jpg,4
1405.jpg,19
1406.jpg,19
1407.jpg,3
1408.jpg,8
1409.jpg,20
1410.jpg,6
1411.jpg,13
1412.jpg,21
1413.jpg,16
1414.jpg,8
1415.jpg,8
1416.jpg,4
1417.jpg,12
1418.jpg,12
1419.jpg,1
1420.jpg,11
1421.jpg,16
1422.jpg,21
1423.jpg,19
1424.jpg,12
1425.jpg,4
1426.jpg,1
1427.jpg,13
1428.jpg,15
1429.jpg,15
1430.jpg,16
1431.jpg,8
1432.jpg,10
1433.jpg,12
1434.jpg,3
1435.jpg,22
1436.jpg,17
1437.jpg,4
1438.jpg,1
1439.jpg,2
1440.jpg,22
1441.jpg,20
1442.jpg,10
1443.jpg,18
1444.jpg,5
1445.jpg,13
1446.jpg,6
1447.jpg,21
1448.jpg,7
1449.jpg,16
1450.jpg,19
1451.jpg,10
1452.jpg,10
1453.jpg,3
1454.jpg,6
1455.jpg,19
1456.jpg,11
1457.jpg,5
1458.jpg,6
1459.jpg,7
1460.jpg,22
1461.jpg,1
1462.jpg,13
1463.jpg,10
1464.jpg,18
1465.jpg,7
1466.jpg,6
1467.jpg,7
1468.jpg,8
1469.jpg,2
1470.jpg,10
1471.jpg,1
1472.jpg,19
1473.jpg,21
1474.jpg,14
1475.jpg,8
1476.jpg,7
1477.jpg,18
1478.jpg,4
1479.jpg,10
1480.jpg,18
1481.jpg,8
1482.jpg,19
1483.jpg,17
1484.jpg,14
1485.jpg,19
1486.jpg,10
1487.jpg,11
1488.jpg,5
1489.jpg,21
1490.jpg,13
1491.jpg,8
1492.jpg,21
1493.jpg,9
1494.jpg,10
1495.jpg,4
1496.jpg,14
1497.jpg,7
1498.jpg,9
1499.jpg,2
1500.jpg,5
1501.jpg,21
1502.jpg,21
1503.jpg,4
1504.jpg,13
1505.jpg,3
1506.jpg,12
1507.jpg,15
1508.jpg,16
1509.jpg,2
1510.jpg,22
1511.jpg,11
1512.jpg,7
1513.jpg,16
1514.jpg,18
1515.jpg,11
1516.jpg,1
1517.jpg,21
1518.jpg,21
1519.jpg,17
1520.jpg,7
1521.jpg,12
1522.jpg,13
1523.jpg,18
1524.jpg,19
1525.jpg,2
1526.jpg,1
1527.jpg,16
1528.jpg,10
1529.jpg,20
1530.jpg,5
1531.jpg,13
1532.jpg,4
1533.jpg,12
1534.jpg,10
1535.jpg,11
1536.jpg,8
1537.jpg,18
1538.jpg,18
1539.jpg,18
1540.jpg,6
1541.jpg,22
1542.jpg,6
1543.jpg,19
1544.jpg,10
1545.jpg,13
1546.jpg,1
1547.jpg,21
1548.jpg,15
1549.jpg,15
1550.jpg,9
1551.jpg,6
1552.jpg,13
1553.jpg,8
1554.jpg,21
1555.jpg,4
1556.jpg,13
1557.jpg,4
1558.jpg,3
1559.jpg,15
1560.jpg,22
1561.jpg,10
1562.jpg,22
1563.jpg,4
1564.jpg,2
1565.jpg,7
1566.jpg,18
1567.jpg,7
1568.jpg,2
1569.jpg,6
1570.jpg,13
1571.jpg,22
1572.jpg,14
1573.jpg,8
1575.jpg,21
1576.jpg,21
1577.jpg,17
1578.jpg,22
1579.jpg,4
1580.jpg,6
1581.jpg,18
1582.jpg,7
1583.jpg,17
1584.jpg,15
1585.jpg,18
1586.jpg,5
1587.jpg,3
1588.jpg,3
1589.jpg,13
1590.jpg,9
1591.jpg,17
1592.jpg,3
1593.jpg,6
1594.jpg,7
1595.jpg,22
1596.jpg,19
1597.jpg,3
1598.jpg,5
1599.jpg,17
1600.jpg,14
1601.jpg,12
1602.jpg,2
1603.jpg,17
1604.jpg,18
1605.jpg,5
1606.jpg,7
1607.jpg,19
1608.jpg,13
1609.jpg,5
1610.jpg,16
1611.jpg,3
1612.jpg,16
1613.jpg,19
1614.jpg,7
1615.jpg,20
1616.jpg,7
1617.jpg,18
1618.jpg,8
1620.jpg,15
1621.jpg,1
1622.jpg,14
1623.jpg,17
1624.jpg,2
1625.jpg,6
1626.jpg,19
1627.jpg,9
1628.jpg,3
1629.jpg,19
1630.jpg,10
1631.jpg,17
1632.jpg,13
1633.jpg,17
1634.jpg,7
1635.jpg,16
1636.jpg,4
1637.jpg,2
1638.jpg,12
1639.jpg,16
1640.jpg,18
1641.jpg,12
1642.jpg,7
1643.jpg,3
1645.jpg,1
1646.jpg,10
1647.jpg,3
1648.jpg,6
1649.jpg,11
1650.jpg,4
1651.jpg,4
1652.jpg,16
1653.jpg,10
1654.jpg,22
1655.jpg,2
1656.jpg,4
1657.jpg,9
1658.jpg,16
1659.jpg,9
1660.jpg,3
1661.jpg,10
1662.jpg,12
1663.jpg,15
1664.jpg,12
1665.jpg,17
1666.jpg,1
1667.jpg,5
1668.jpg,7
1669.jpg,7
1670.jpg,12
1671.jpg,13
1672.jpg,20
1673.jpg,19
1674.jpg,12
1675.jpg,11
1676.jpg,12
1677.jpg,2
1678.jpg,4
1679.jpg,4
1680.jpg,5
1681.jpg,22
1682.jpg,6
1683.jpg,6
1684.jpg,17
1685.jpg,13
1686.jpg,4
1687.jpg,18
1688.jpg,21
1689.jpg,2
1690.jpg,4
1691.jpg,10
1692.jpg,13
1693.jpg,3
1694.jpg,21
1695.jpg,13
1696.jpg,3
1697.jpg,12
1698.jpg,4
1699.jpg,16
1700.jpg,16
1701.jpg,7
1702.jpg,5
1703.jpg,4
1705.jpg,17
1706.jpg,2
1707.jpg,2
1708.jpg,22
1709.jpg,19
1710.jpg,16
1711.jpg,18
1712.jpg,11
1713.jpg,1
1714.jpg,8
1715.jpg,11
1716.jpg,20
1717.jpg,6
1718.jpg,20
1719.jpg,13
1720.jpg,2
1721.jpg,2
1722.jpg,3
1724.jpg,16
1725.jpg,5
1726.jpg,7
1727.jpg,18
1728.jpg,20
1729.jpg,22
1730.jpg,15
1731.jpg,21
1732.jpg,21
1733.jpg,1
1734.jpg,19
1735.jpg,16
1737.jpg,7
1738.jpg,10
1739.jpg,11
1740.jpg,8
1741.jpg,11
1742.jpg,15
1743.jpg,8
1744.jpg,16
1745.jpg,3
1746.jpg,12
1747.jpg,19
1748.jpg,17
1749.jpg,9
1750.jpg,12
1751.jpg,20
1752.jpg,1
1753.jpg,16
1754.jpg,13
1755.jpg,22
1756.jpg,1
1757.jpg,22
1758.jpg,2
1759.jpg,9
1760.jpg,16
1761.jpg,19
1762.jpg,16
1763.jpg,16
1764.jpg,21
1765.jpg,4
1766.jpg,14
1767.jpg,18
1768.jpg,1
1769.jpg,9
1770.jpg,17
1771.jpg,4
1772.jpg,1
1773.jpg,9
1774.jpg,8
1775.jpg,22
1776.jpg,7
1777.jpg,2
1778.jpg,20
1779.jpg,16
1780.jpg,3
1781.jpg,17
1782.jpg,11
1783.jpg,14
1784.jpg,6
1785.jpg,7
1786.jpg,6
1787.jpg,13
1788.jpg,22
1789.jpg,10
1790.jpg,12
1791.jpg,10
1792.jpg,14
1793.jpg,7
1794.jpg,16
1795.jpg,16
1796.jpg,7
1797.jpg,13
1798.jpg,21
1799.jpg,16
1800.jpg,12
1801.jpg,17
1802.jpg,12
1803.jpg,2
1804.jpg,21
1805.jpg,7
1806.jpg,15
1807.jpg,13
1808.jpg,18
1809.jpg,6
1810.jpg,15
1811.jpg,5
1812.jpg,3
1813.jpg,15
1814.jpg,13
1815.jpg,5
1816.jpg,6
1817.jpg,1
1818.jpg,21
1819.jpg,21
1820.jpg,4
1821.jpg,17
1822.jpg,18
1823.jpg,6
1824.jpg,16
1825.jpg,13
1826.jpg,4
1827.jpg,12
1828.jpg,4
1829.jpg,17
1830.jpg,6
1831.jpg,4
1832.jpg,19
1833.jpg,1
1834.jpg,14
1835.jpg,12
1836.jpg,9
1837.jpg,7
1838.jpg,12
1839.jpg,11
1840.jpg,2
1841.jpg,20
1842.jpg,21
1843.jpg,10
1844.jpg,6
1845.jpg,13
1846.jpg,16
1847.jpg,9
1848.jpg,22
1849.jpg,8
1850.jpg,2
1851.jpg,16
1852.jpg,4
1853.jpg,12
1854.jpg,16
1855.jpg,16
1856.jpg,8
1857.jpg,15
1858.jpg,9
1859.jpg,16
1860.jpg,12
1861.jpg,11
1862.jpg,15
1863.jpg,10
1864.jpg,15
1865.jpg,9
1866.jpg,18
1867.jpg,9
1868.jpg,10
1869.jpg,15
1870.jpg,9
1871.jpg,22
1872.jpg,3
1873.jpg,19
1874.jpg,12
1875.jpg,4
1876.jpg,13
1877.jpg,1
1878.jpg,2
1879.jpg,9
1880.jpg,11
1881.jpg,2
1882.jpg,21
1883.jpg,7
1884.jpg,9
1885.jpg,14
1886.jpg,19
1887.jpg,14
1888.jpg,7
1889.jpg,6
1890.jpg,21
1891.jpg,4
1892.jpg,4
1893.jpg,3
1894.jpg,12
1895.jpg,1
1896.jpg,10
1897.jpg,2
1898.jpg,13
1899.jpg,21
1900.jpg,22
1901.jpg,6
1902.jpg,19
1903.jpg,11
1904.jpg,20
1905.jpg,9
1906.jpg,19
1907.jpg,21
1908.jpg,3
1909.jpg,17
1910.jpg,9
1911.jpg,14
1912.jpg,12
1913.jpg,18
1914.jpg,8
1915.jpg,18
1916.jpg,2
1917.jpg,2
1918.jpg,2
1919.jpg,15
1920.jpg,22
1921.jpg,6
1922.jpg,9
1923.jpg,9
1924.jpg,8
1925.jpg,21
1926.jpg,17
1927.jpg,3
1928.jpg,21
1929.jpg,22
1931.jpg,2
1932.jpg,2
1933.jpg,5
1934.jpg,8
1935.jpg,13
1936.jpg,1
1937.jpg,3
1938.jpg,6
1939.jpg,13
1940.jpg,15
1941.jpg,9
1942.jpg,7
1943.jpg,14
1944.jpg,3
1945.jpg,7
1946.jpg,2
1947.jpg,3
1948.jpg,7
1949.jpg,10
1950.jpg,10
1951.jpg,1
1952.jpg,6
1953.jpg,10
1955.jpg,10
1956.jpg,21
1957.jpg,7
1958.jpg,15
1959.jpg,13
1960.jpg,16
1961.jpg,10
1962.jpg,20
1963.jpg,5
1964.jpg,10
1965.jpg,11
1966.jpg,13
1967.jpg,19
1968.jpg,2
1969.jpg,22
1970.jpg,7
1971.jpg,17
1972.jpg,11
1973.jpg,19
1974.jpg,1
1975.jpg,15
1976.jpg,9
1977.jpg,15
1978.jpg,13
1979.jpg,4
1980.jpg,12
1981.jpg,2
1982.jpg,17
1983.jpg,10
1984.jpg,2
1985.jpg,9
1986.jpg,2
1987.jpg,22
1988.jpg,10
1989.jpg,15
1990.jpg,2
1991.jpg,14
1992.jpg,1
1993.jpg,9
1994.jpg,2
1995.jpg,3
1996.jpg,18
1997.jpg,11
1998.jpg,7
1999.jpg,4
2000.jpg,3
2001.jpg,17
2002.jpg,14
2003.jpg,4
2004.jpg,19
2005.jpg,9
2006.jpg,18
2007.jpg,16
2008.jpg,8
2009.jpg,12
2010.jpg,13
2011.jpg,2
2012.jpg,4
2013.jpg,15
2014.jpg,18
2015.jpg,21
2016.jpg,20
2017.jpg,13
2018.jpg,20
2019.jpg,16
2020.jpg,12
2021.jpg,12
2022.jpg,22
2023.jpg,2
2024.jpg,17
2025.jpg,6
2027.jpg,2
2028.jpg,11
2029.jpg,17
2030.jpg,16
2031.jpg,13
2032.jpg,10
2033.jpg,16
2034.jpg,3
2035.jpg,15
2036.jpg,22
2037.jpg,21
2038.jpg,21
2039.jpg,21
2040.jpg,9
2041.jpg,9
2042.jpg,2
2043.jpg,1
2044.jpg,14
2045.jpg,15
2046.jpg,15
2047.jpg,8
2048.jpg,20
2049.jpg,6
2050.jpg,9
2051.jpg,1
2052.jpg,22
2053.jpg,3
2054.jpg,12
2055.jpg,19
2056.jpg,12
2057.jpg,11
2058.jpg,17
2059.jpg,9
2060.jpg,9
2061.jpg,15
2062.jpg,15
2063.jpg,13
2064.jpg,8
2065.jpg,9
2066.jpg,21
2067.jpg,10
2068.jpg,18
2069.jpg,14
2070.jpg,14
2071.jpg,12
2072.jpg,14
2073.jpg,16
2074.jpg,9
2075.jpg,10
2076.jpg,4
2077.jpg,16
2078.jpg,9
2079.jpg,20
2080.jpg,7
2081.jpg,2
2082.jpg,1
2083.jpg,15
2084.jpg,14
2085.jpg,9
2086.jpg,20
2087.jpg,14
2088.jpg,4
2089.jpg,16
2090.jpg,12
2091.jpg,1
2092.jpg,10
2093.jpg,12
2095.jpg,6
2096.jpg,1
2097.jpg,5
2098.jpg,2
2099.jpg,1
2100.jpg,6
2101.jpg,15
2102.jpg,4
2103.jpg,3
2104.jpg,18
2105.jpg,12
2106.jpg,19
2107.jpg,16
2108.jpg,19
2109.jpg,7
2110.jpg,7
2111.jpg,1
2112.jpg,8
2113.jpg,16
2114.jpg,8
2115.jpg,11
2116.jpg,22
2117.jpg,10
2118.jpg,19
2119.jpg,15
2120.jpg,12
2121.jpg,4
2122.jpg,21
2123.jpg,15
2124.jpg,12
2125.jpg,4
2126.jpg,17
2127.jpg,18
2128.jpg,13
2129.jpg,18
2130.jpg,3
2131.jpg,7
2132.jpg,21
2133.jpg,19
2134.jpg,5
2135.jpg,6
2136.jpg,7
2137.jpg,19
2138.jpg,22
2139.jpg,16
2140.jpg,2
2141.jpg,14
2142.jpg,10
2143.jpg,6
2144.jpg,22
2145.jpg,5
2146.jpg,21
2147.jpg,18
2148.jpg,18
2149.jpg,3
2150.jpg,10
2151.jpg,22
2153.jpg,2
2154.jpg,19
2155.jpg,8
2156.jpg,5
2157.jpg,19
2158.jpg,21
2159.jpg,13
2160.jpg,12
2161.jpg,13
2162.jpg,22
2163.jpg,10
2164.jpg,10
2165.jpg,18
2166.jpg,15
2167.jpg,15
2169.jpg,10
2170.jpg,5
2171.jpg,6
2172.jpg,13
2173.jpg,15
2174.jpg,22
2175.jpg,21
2176.jpg,5
2177.jpg,4
2178.jpg,4
2179.jpg,9
2180.jpg,19
2181.jpg,7
2182.jpg,10
2183.jpg,14
2184.jpg,22
2185.jpg,12
2186.jpg,2
2187.jpg,13
2188.jpg,15
2189.jpg,12
2190.jpg,11
2191.jpg,12
2192.jpg,21
2193.jpg,7
2194.jpg,11
2195.jpg,16
2196.jpg,9
2197.jpg,4
2198.jpg,22
2199.jpg,3
2200.jpg,11
2201.jpg,12
2202.jpg,4
2203.jpg,2
2204.jpg,18
2206.jpg,22
2207.jpg,17
2208.jpg,15
2209.jpg,12
2210.jpg,19
2211.jpg,15
2212.jpg,16
2213.jpg,5
2214.jpg,4
2215.jpg,21
2216.jpg,19
2217.jpg,8
2218.jpg,7
2219.jpg,4
2220.jpg,22
2221.jpg,14
2222.jpg,4
2223.jpg,21
2224.jpg,17
2225.jpg,4
2226.jpg,17
2227.jpg,9
2228.jpg,17
2229.jpg,1
2230.jpg,9
2231.jpg,17
2232.jpg,22
2233.jpg,9
2234.jpg,6
2235.jpg,1
2236.jpg,17
2237.jpg,21
2238.jpg,15
2239.jpg,15
2240.jpg,21
2241.jpg,18
2242.jpg,6
2243.jpg,16
2244.jpg,9
2245.jpg,10
2246.jpg,4
2247.jpg,16
2248.jpg,4
2249.jpg,9
2250.jpg,10
2251.jpg,1
2252.jpg,6
2253.jpg,1
2255.jpg,1
2257.jpg,2
2258.jpg,22
2259.jpg,11
2260.jpg,11
2261.jpg,15
2262.jpg,16
2263.jpg,10
2264.jpg,11
2265.jpg,14
2266.jpg,11
2267.jpg,3
2268.jpg,16
2269.jpg,21
2270.jpg,19
2271.jpg,4
2272.jpg,20
2273.jpg,1
2274.jpg,6
2275.jpg,5
2276.jpg,6
2277.jpg,15
2278.jpg,6
2279.jpg,19
2280.jpg,8
2281.jpg,18
2282.jpg,13
2283.jpg,21
2284.jpg,8
2285.jpg,17
2286.jpg,12
2287.jpg,6
2288.jpg,15
2289.jpg,12
2290.jpg,22
2291.jpg,16
2292.jpg,4
2293.jpg,19
2294.jpg,12
2295.jpg,6
2296.jpg,11
2297.jpg,13
2298.jpg,11
2299.jpg,11
2300.jpg,6
2301.jpg,10
2302.jpg,10
2303.jpg,3
2304.jpg,12
2305.jpg,2
2306.jpg,17
2307.jpg,3
2308.jpg,4
2309.jpg,11
2310.jpg,11
2311.jpg,13
2312.jpg,22
2313.jpg,7
2314.jpg,11
2315.jpg,5
2316.jpg,10
2317.jpg,10
2318.jpg,20
2319.jpg,3
2320.jpg,20
2322.jpg,9
2323.jpg,2
2324.jpg,17
2325.jpg,20
2326.jpg,19
2327.jpg,11
2328.jpg,11
2329.jpg,11
2330.jpg,10
2331.jpg,1
2332.jpg,3
2333.jpg,5
2334.jpg,17
2335.jpg,3
2336.jpg,22
2337.jpg,5
2338.jpg,20
2339.jpg,7
2340.jpg,1
2341.jpg,13
2342.jpg,10
2343.jpg,9
2344.jpg,17
2345.jpg,6
2346.jpg,1
2347.jpg,15
2348.jpg,7
2349.jpg,22
2350.jpg,10
2352.jpg,18
2353.jpg,22
2354.jpg,22
2355.jpg,14
2356.jpg,16
2357.jpg,10
2358.jpg,14
2359.jpg,19
2360.jpg,13
2361.jpg,12
2362.jpg,9
2363.jpg,15
2364.jpg,18
2365.jpg,8
2366.jpg,11
2367.jpg,7
2368.jpg,8
2369.jpg,4
2370.jpg,18
2371.jpg,21
2372.jpg,8
2373.jpg,3
2374.jpg,5
2375.jpg,10
2376.jpg,21
2377.jpg,3
2378.jpg,8
2379.jpg,19
2380.jpg,14
2381.jpg,4
2382.jpg,14
2383.jpg,2
2384.jpg,8
2385.jpg,6
2386.jpg,9
2387.jpg,22
2388.jpg,20
2389.jpg,5
2390.jpg,22
2391.jpg,11
2392.jpg,5
2393.jpg,9
2394.jpg,4
2395.jpg,17
2396.jpg,1
2397.jpg,22
2398.jpg,11
2399.jpg,18
2400.jpg,21
2401.jpg,14
2402.jpg,12
2403.jpg,12
2404.jpg,10
2405.jpg,13
2406.jpg,6
2407.jpg,12
2408.jpg,6
2409.jpg,18
2410.jpg,11
2411.jpg,2
2412.jpg,7
2413.jpg,18
2414.jpg,5
2415.jpg,14
2416.jpg,1
2417.jpg,8
2418.jpg,6
2419.jpg,15
2420.jpg,6
2421.jpg,6
2422.jpg,9
2423.jpg,13
2424.jpg,3
2425.jpg,22
2426.jpg,18
2427.jpg,11
2428.jpg,19
2429.jpg,6
2430.jpg,7
2431.jpg,7
2432.jpg,12
2433.jpg,11
2434.jpg,9
2435.jpg,17
2436.jpg,10
2437.jpg,3
2438.jpg,17
2439.jpg,14
2440.jpg,6
2442.jpg,9
2443.jpg,4
2444.jpg,10
2445.jpg,4
2446.jpg,15
2447.jpg,6
2448.jpg,21
2449.jpg,13
2450.jpg,2
2451.jpg,5
2452.jpg,8
2453.jpg,9
2454.jpg,7
2455.jpg,2
2456.jpg,16
2457.jpg,19
2458.jpg,18
2459.jpg,21
2460.jpg,1
2461.jpg,22
2462.jpg,4
2463.jpg,21
2464.jpg,18
2465.jpg,13
2466.jpg,3
2467.jpg,15
2468.jpg,12
2469.jpg,15
2470.jpg,11
2472.jpg,7
2473.jpg,12
2474.jpg,7
2475.jpg,5
2476.jpg,2
2477.jpg,3
2478.jpg,21
2479.jpg,17
2480.jpg,20
2481.jpg,8
2482.jpg,18
2483.jpg,7
2484.jpg,2
2485.jpg,15
2486.jpg,19
2487.jpg,15
2488.jpg,1
2489.jpg,19
2490.jpg,10
2491.jpg,19
2492.jpg,8
2493.jpg,1
2494.jpg,12
2495.jpg,15
2496.jpg,11
2497.jpg,2
2498.jpg,9
2499.jpg,12
2500.jpg,7
2501.jpg,18
2502.jpg,7
2503.jpg,4
2504.jpg,4
2505.jpg,11
2506.jpg,14
2507.jpg,7
2508.jpg,1
2509.jpg,19
2510.jpg,11
2511.jpg,6
2512.jpg,9
2513.jpg,11
2514.jpg,4
2515.jpg,20
2516.jpg,22
2517.jpg,4
2518.jpg,9
2519.jpg,2
2520.jpg,22
2521.jpg,16
2522.jpg,1
2524.jpg,9
2525.jpg,17
2526.jpg,2
2527.jpg,5
2528.jpg,18
2529.jpg,8
2530.jpg,5
2531.jpg,13
2532.jpg,7
2533.jpg,2
2534.jpg,18
2535.jpg,18
2536.jpg,18
2537.jpg,8
2538.jpg,13
2539.jpg,5
2540.jpg,6
2541.jpg,3
2542.jpg,7
2543.jpg,11
2544.jpg,8
2545.jpg,1
2546.jpg,14
2547.jpg,2
2548.jpg,5
2549.jpg,6
2550.jpg,3
2551.jpg,14
2552.jpg,4
2553.jpg,13
2554.jpg,11
2555.jpg,20
2556.jpg,13
2557.jpg,15
2558.jpg,6
2559.jpg,19
2560.jpg,20
2561.jpg,11
2562.jpg,13
2563.jpg,16
2564.jpg,5
2565.jpg,8
2566.jpg,13
2567.jpg,1
2568.jpg,21
2569.jpg,7
2570.jpg,2
2571.jpg,20
2572.jpg,3
2574.jpg,19
2575.jpg,12
2576.jpg,9
2577.jpg,12
2578.jpg,18
2579.jpg,12
2580.jpg,12
2581.jpg,12
2582.jpg,15
2583.jpg,17
2584.jpg,22
2585.jpg,16
2586.jpg,18
2587.jpg,18
2588.jpg,6
2589.jpg,11
2590.jpg,4
2591.jpg,8
2592.jpg,18
2593.jpg,3
2594.jpg,9
2595.jpg,8
2596.jpg,1
2597.jpg,2
2598.jpg,2
2599.jpg,2
2600.jpg,12
2601.jpg,2
2602.jpg,8
2603.jpg,17
2604.jpg,1
2605.jpg,19
2606.jpg,19
2607.jpg,22
2608.jpg,20
2609.jpg,3
2610.jpg,8
2611.jpg,13
2612.jpg,8
2613.jpg,13
2614.jpg,6
2615.jpg,18
2616.jpg,14
2617.jpg,1
2618.jpg,11
2619.jpg,7
2620.jpg,16
2621.jpg,12
2622.jpg,11
2623.jpg,4
2624.jpg,14
2625.jpg,12
2626.jpg,22
2627.jpg,4
2628.jpg,9
2629.jpg,12
2630.jpg,22
2631.jpg,5
2632.jpg,21
2633.jpg,2
2634.jpg,10
2635.jpg,5
2636.jpg,3
2637.jpg,3
2638.jpg,3
2639.jpg,22
2640.jpg,16
2641.jpg,9
2642.jpg,16
2643.jpg,10
2644.jpg,12
2645.jpg,17
2646.jpg,22
2647.jpg,2
2648.jpg,8
2649.jpg,14
2650.jpg,9
2651.jpg,1
2652.jpg,1
2653.jpg,8
2654.jpg,19
2655.jpg,22
2656.jpg,14
2657.jpg,14
2658.jpg,3
2659.jpg,13
2660.jpg,16
2661.jpg,21
2662.jpg,18
2663.jpg,9
2664.jpg,11
2665.jpg,16
2666.jpg,5
2667.jpg,20
2668.jpg,5
2669.jpg,1
2670.jpg,7
2671.jpg,14
2672.jpg,7
2673.jpg,13
2674.jpg,10
2675.jpg,1
2677.jpg,3
2678.jpg,19
2679.jpg,8
2680.jpg,5
2681.jpg,9
2682.jpg,18
2683.jpg,2
2684.jpg,14
2685.jpg,21
2686.jpg,14
2687.jpg,7
2688.jpg,6
2689.jpg,2
2690.jpg,22
2691.jpg,3
2692.jpg,15
2693.jpg,5
2694.jpg,13
2695.jpg,7
2696.jpg,9
2697.jpg,12
2698.jpg,12
2699.jpg,1
2700.jpg,18
2701.jpg,9
2702.jpg,4
2703.jpg,8
2704.jpg,12
2705.jpg,18
2706.jpg,22
2707.jpg,19
2708.jpg,18
2709.jpg,21
2710.jpg,19
2711.jpg,1
2712.jpg,10
2713.jpg,15
2714.jpg,11
2715.jpg,13
2716.jpg,2
2717.jpg,9
2718.jpg,22
2719.jpg,12
2720.jpg,17
2721.jpg,10
2722.jpg,16
2723.jpg,19
2724.jpg,13
2725.jpg,5
2726.jpg,20
2727.jpg,18
2728.jpg,13
2729.jpg,2
2730.jpg,8
2731.jpg,7
2732.jpg,5
2733.jpg,20
2734.jpg,19
2735.jpg,13
2736.jpg,21
2737.jpg,22
2738.jpg,11
2739.jpg,22
2740.jpg,9
2741.jpg,9
2742.jpg,3
2743.jpg,11
2744.jpg,8
2745.jpg,3
2746.jpg,4
2747.jpg,9
2748.jpg,21
2749.jpg,18
2750.jpg,6
2752.jpg,13
2753.jpg,4
2754.jpg,4
2755.jpg,16
2756.jpg,14
2757.jpg,11
2758.jpg,15
2759.jpg,13
2760.jpg,6
2761.jpg,4
2762.jpg,3
2763.jpg,18
2764.jpg,10
2765.jpg,6
2766.jpg,21
2767.jpg,15
2768.jpg,3
2769.jpg,1
2770.jpg,8
2771.jpg,9
2772.jpg,1
2773.jpg,15
2774.jpg,7
2775.jpg,2
2776.jpg,8
2777.jpg,14
2778.jpg,21
2779.jpg,20
2780.jpg,19
2781.jpg,14
2782.jpg,22
2783.jpg,13
2784.jpg,15
2785.jpg,8
2786.jpg,9
2787.jpg,1
2788.jpg,16
2789.jpg,17
2790.jpg,5
2791.jpg,19
2792.jpg,10
2793.jpg,14
2794.jpg,3
2795.jpg,16
2796.jpg,7
2797.jpg,1
2798.jpg,13
2799.jpg,2
2800.jpg,22
2801.jpg,2
2802.jpg,7
2803.jpg,10
2804.jpg,11
2805.jpg,2
2806.jpg,5
2808.jpg,18
2809.jpg,20
2810.jpg,4
2811.jpg,6
2812.jpg,8
2813.jpg,8
2814.jpg,21
2815.jpg,1
2816.jpg,12
2817.jpg,9
2818.jpg,15
2819.jpg,8
2820.jpg,18
2821.jpg,22
2822.jpg,21
2823.jpg,14
2824.jpg,2
2825.jpg,5
2826.jpg,11
2827.jpg,17
2828.jpg,19
2829.jpg,17
2830.jpg,21
2831.jpg,9
2832.jpg,3
2833.jpg,6
2834.jpg,2
2835.jpg,9
2836.jpg,11
2837.jpg,13
2838.jpg,13
2839.jpg,22
2840.jpg,14
2841.jpg,6
2842.jpg,14
2843.jpg,15
2844.jpg,12
2845.jpg,14
2846.jpg,10
2847.jpg,19
2848.jpg,2
2849.jpg,19
2850.jpg,20
2851.jpg,6
2852.jpg,16
2853.jpg,22
2854.jpg,9
2856.jpg,22
2857.jpg,16
2858.jpg,17
2859.jpg,14
2860.jpg,14
2861.jpg,9
2862.jpg,18
2863.jpg,22
2864.jpg,11
2865.jpg,7
2866.jpg,1
2867.jpg,1
2868.jpg,6
2869.jpg,10
2870.jpg,19
2871.jpg,17
2872.jpg,17
2873.jpg,2
2874.jpg,8
2875.jpg,20
2876.jpg,1
2877.jpg,15
2878.jpg,9
2879.jpg,22
2880.jpg,8
2881.jpg,5
2882.jpg,21
2883.jpg,12
2884.jpg,2
2885.jpg,7
2886.jpg,21
2887.jpg,22
2888.jpg,19
2889.jpg,1
2890.jpg,16
2891.jpg,2
2892.jpg,19
2893.jpg,10
2894.jpg,7
2895.jpg,17
2896.jpg,17
2897.jpg,2
2898.jpg,18
2899.jpg,15
2900.jpg,11
2901.jpg,1
2902.jpg,15
2903.jpg,8
2904.jpg,17
2905.jpg,5
2906.jpg,16
2907.jpg,19
2908.jpg,3
2909.jpg,1
2910.jpg,5
2911.jpg,10
2912.jpg,12
2913.jpg,4
2914.jpg,7
2915.jpg,9
2916.jpg,22
2917.jpg,11
2918.jpg,10
2919.jpg,14
2920.jpg,6
2921.jpg,10
2922.jpg,16
2923.jpg,13
2924.jpg,21
2925.jpg,11
2926.jpg,18
2927.jpg,20
2928.jpg,9
2929.jpg,11
2930.jpg,7
2931.jpg,19
2932.jpg,15
2933.jpg,17
2934.jpg,22
2935.jpg,18
2936.jpg,18
2937.jpg,14
2938.jpg,19
2939.jpg,11
2940.jpg,7
2941.jpg,6
2942.jpg,1
2943.jpg,21
2944.jpg,5
2945.jpg,22
2946.jpg,10
2947.jpg,16
2948.jpg,4
2949.jpg,17
2950.jpg,11
2951.jpg,3
2952.jpg,13
2953.jpg,18
2954.jpg,21
2955.jpg,19
2956.jpg,10
2957.jpg,13
2958.jpg,4
2959.jpg,3
2960.jpg,11
2961.jpg,1
2962.jpg,21
2963.jpg,1
2964.jpg,17
2965.jpg,21
2966.jpg,2
2967.jpg,9
2968.jpg,16
2969.jpg,11
2970.jpg,6
2971.jpg,13
2972.jpg,18
2973.jpg,5
2974.jpg,18
2976.jpg,7
2977.jpg,20
2978.jpg,20
2979.jpg,13
2980.jpg,3
2981.jpg,4
2982.jpg,15
2983.jpg,20
2984.jpg,19
2986.jpg,3
2987.jpg,5
2988.jpg,6
2989.jpg,10
2991.jpg,3
2992.jpg,2
2993.jpg,3
2994.jpg,11
2995.jpg,22
2996.jpg,16
2997.jpg,22
2998.jpg,12
2999.jpg,12
3000.jpg,7
3001.jpg,15
3002.jpg,1
3003.jpg,11
3004.jpg,4
3005.jpg,3
3006.jpg,21
3007.jpg,17
3008.jpg,8
3009.jpg,21
3010.jpg,15
3011.jpg,5
3012.jpg,7
3013.jpg,20
3014.jpg,7
3015.jpg,6
3016.jpg,19
3017.jpg,5
3018.jpg,9
3019.jpg,17
3020.jpg,12
3021.jpg,2
3022.jpg,6
3023.jpg,18
3024.jpg,15
3025.jpg,18
3027.jpg,4
3028.jpg,15
3029.jpg,5
3030.jpg,9
3031.jpg,15
3032.jpg,18
3034.jpg,4
3035.jpg,8
3036.jpg,18
3037.jpg,3
3038.jpg,17
3039.jpg,2
3040.jpg,15
3041.jpg,2
3042.jpg,11
3043.jpg,7
3044.jpg,2
3045.jpg,8
3046.jpg,10
3047.jpg,3
3048.jpg,12
3049.jpg,21
3050.jpg,10
3051.jpg,10
3052.jpg,19
3053.jpg,4
3054.jpg,1
3055.jpg,19
3056.jpg,18
3057.jpg,18
3058.jpg,17
3059.jpg,19
3060.jpg,7
3061.jpg,5
3062.jpg,8
3063.jpg,6
3064.jpg,8
3065.jpg,10
3066.jpg,21
3067.jpg,6
3068.jpg,21
3069.jpg,9
3070.jpg,16
3071.jpg,3
3072.jpg,6
3073.jpg,3
3074.jpg,17
3075.jpg,2
3076.jpg,11
3077.jpg,18
3078.jpg,19
3079.jpg,22
3080.jpg,18
3081.jpg,8
3082.jpg,12
3083.jpg,7
3084.jpg,15
3085.jpg,6
3086.jpg,20
3087.jpg,18
3088.jpg,2
3089.jpg,21
3090.jpg,20
3091.jpg,16
3092.jpg,22
3093.jpg,21
3094.jpg,8
3095.jpg,13
3096.jpg,17
3097.jpg,13
3098.jpg,3
3099.jpg,3
3100.jpg,8
3101.jpg,19
3102.jpg,21
3103.jpg,10
3104.jpg,13
3105.jpg,16
3106.jpg,5
3107.jpg,18
3108.jpg,1
3109.jpg,9
3110.jpg,11
3111.jpg,9
3112.jpg,11
3113.jpg,19
3114.jpg,11
3115.jpg,13
3116.jpg,20
3117.jpg,9
3118.jpg,6
3119.jpg,3
3120.jpg,13
3121.jpg,14
3122.jpg,22
3123.jpg,13
3124.jpg,14
3125.jpg,16
3126.jpg,5
3127.jpg,19
3128.jpg,18
3129.jpg,21
3130.jpg,5
3131.jpg,15
3132.jpg,11
3133.jpg,14
3134.jpg,22
3135.jpg,20
3136.jpg,17
3137.jpg,3
3138.jpg,7
3139.jpg,6
3140.jpg,2
3141.jpg,22
3142.jpg,3
3143.jpg,3
3144.jpg,9
3145.jpg,4
3146.jpg,4
3147.jpg,4
3148.jpg,2
3149.jpg,3
3150.jpg,12
3151.jpg,21
3152.jpg,11
3153.jpg,8
3154.jpg,15
3155.jpg,15
3156.jpg,4
3157.jpg,12
3158.jpg,22
3159.jpg,8
3160.jpg,3
3161.jpg,7
3162.jpg,21
3164.jpg,15
3165.jpg,8
3166.jpg,5
3167.jpg,11
3168.jpg,1
3169.jpg,11
3170.jpg,16
3171.jpg,1
3172.jpg,7
3173.jpg,16
3174.jpg,4
3175.jpg,4
3176.jpg,16
3177.jpg,22
3178.jpg,5
3179.jpg,2
3180.jpg,6
3181.jpg,8
3182.jpg,16
3183.jpg,5
3184.jpg,14
3185.jpg,3
3186.jpg,12
3187.jpg,4
3188.jpg,22
3189.jpg,6
3190.jpg,15
3191.jpg,3
3192.jpg,3
3193.jpg,3
3194.jpg,2
3195.jpg,5
3196.jpg,16
3197.jpg,5
3198.jpg,9
3199.jpg,12
3200.jpg,16
3201.jpg,10
3202.jpg,9
3204.jpg,15
3205.jpg,8
3206.jpg,18
3207.jpg,22
3208.jpg,13
3209.jpg,9
3210.jpg,13
3211.jpg,22
3212.jpg,18
3213.jpg,6
3214.jpg,17
3215.jpg,18
3216.jpg,21
3217.jpg,15
3218.jpg,9
3219.jpg,15
3220.jpg,2
3221.jpg,11
3222.jpg,18
3223.jpg,5
3224.jpg,4
3225.jpg,21
3226.jpg,9
3227.jpg,10
3228.jpg,9
3229.jpg,18
3230.jpg,10
3231.jpg,22
3232.jpg,8
3233.jpg,16
3234.jpg,9
3235.jpg,5
3236.jpg,4
3237.jpg,3
3238.jpg,1
3239.jpg,13
3240.jpg,7
3241.jpg,2
3242.jpg,3
3243.jpg,10
3244.jpg,16
3245.jpg,11
3246.jpg,11
3247.jpg,22
3248.jpg,10
3249.jpg,5
3250.jpg,10
3251.jpg,8
3252.jpg,3
3253.jpg,19
3254.jpg,15
3255.jpg,8
3256.jpg,22
3257.jpg,16
3258.jpg,5
3259.jpg,5
3260.jpg,9
3261.jpg,8
3262.jpg,14
3263.jpg,6
3264.jpg,11
3265.jpg,9
3266.jpg,13
3267.jpg,5
3268.jpg,7
3269.jpg,12
3270.jpg,19
3271.jpg,21
3272.jpg,18
3273.jpg,2
3274.jpg,4
3275.jpg,12
3276.jpg,2
3277.jpg,20
3278.jpg,16
3279.jpg,8
3280.jpg,22
3281.jpg,7
3282.jpg,13
3283.jpg,5
3284.jpg,7
3285.jpg,21
3286.jpg,16
3287.jpg,9
3288.jpg,13
3289.jpg,4
3290.jpg,5
3291.jpg,18
3292.jpg,19
3294.jpg,17
3295.jpg,18
3296.jpg,22
3297.jpg,22
3298.jpg,12
3299.jpg,4
3300.jpg,8
3301.jpg,13
3302.jpg,5
3303.jpg,9
3304.jpg,4
3305.jpg,5
3306.jpg,1
3307.jpg,20
3309.jpg,21
3310.jpg,20
3311.jpg,6
3312.jpg,12
3313.jpg,9
3314.jpg,16
3315.jpg,15
3316.jpg,1
3317.jpg,6
3318.jpg,17
3319.jpg,1
3320.jpg,12
3321.jpg,5
3322.jpg,18
3323.jpg,16
3324.jpg,18
3325.jpg,18
3326.jpg,10
3327.jpg,1
3328.jpg,15
3329.jpg,5
3330.jpg,11
3331.jpg,21
3332.jpg,11
3333.jpg,21
3334.jpg,6
3335.jpg,13
3336.jpg,8
3337.jpg,7
3338.jpg,22
3339.jpg,8
3340.jpg,16
3341.jpg,9
3342.jpg,17
3343.jpg,10
3344.jpg,22
3345.jpg,19
3346.jpg,6
3347.jpg,19
3348.jpg,19
3349.jpg,20
3350.jpg,7
3351.jpg,9
3352.jpg,2
3353.jpg,7
3354.jpg,3
3355.jpg,3
3356.jpg,14
3357.jpg,2
3358.jpg,13
3359.jpg,19
3360.jpg,8
3361.jpg,2
3362.jpg,12
3363.jpg,19
3364.jpg,20
3365.jpg,7
3366.jpg,13
3367.jpg,2
3368.jpg,1
3369.jpg,7
3370.jpg,13
3371.jpg,10
3372.jpg,7
3373.jpg,11
3374.jpg,16
3375.jpg,22
3376.jpg,5
3377.jpg,18
3378.jpg,13
3379.jpg,16
3380.jpg,18
3381.jpg,14
3382.jpg,12
3383.jpg,11
3384.jpg,7
3385.jpg,6
3386.jpg,3
3387.jpg,17
3388.jpg,8
3389.jpg,6
3390.jpg,8
3391.jpg,7
3392.jpg,7
3393.jpg,12
3394.jpg,8
3395.jpg,19
3396.jpg,14
3397.jpg,5
3398.jpg,9
3399.jpg,15
3400.jpg,1
3401.jpg,11
3402.jpg,15
3403.jpg,5
3404.jpg,18
3405.jpg,3
3406.jpg,19
3407.jpg,1
3408.jpg,15
3409.jpg,12
3410.jpg,10
3411.jpg,13
3412.jpg,9
3413.jpg,2
3414.jpg,4
3415.jpg,2
3416.jpg,11
3417.jpg,10
3418.jpg,8
3419.jpg,11
3420.jpg,19
3421.jpg,12
3422.jpg,22
3423.jpg,18
3424.jpg,7
3425.jpg,13
3426.jpg,1
3427.jpg,1
3428.jpg,5
3429.jpg,9
3430.jpg,7
3431.jpg,6
3432.jpg,11
3433.jpg,12
3434.jpg,8
3435.jpg,4
3436.jpg,2
3437.jpg,16
3438.jpg,20
3439.jpg,8
3440.jpg,1
3441.jpg,13
3442.jpg,3
3443.jpg,13
3444.jpg,3
3445.jpg,15
3446.jpg,21
3447.jpg,3
3448.jpg,16
3449.jpg,1
3450.jpg,5
3451.jpg,9
3452.jpg,4
3453.jpg,16
3454.jpg,2
3455.jpg,16
3456.jpg,10
3457.jpg,20
3458.jpg,9
3459.jpg,5
3460.jpg,16
3461.jpg,7
3462.jpg,13
3463.jpg,20
3464.jpg,4
3465.jpg,1
3466.jpg,9
3467.jpg,6
3468.jpg,12
3469.jpg,6
3470.jpg,10
3471.jpg,19
3472.jpg,7
3473.jpg,22
3474.jpg,19
3475.jpg,17
3476.jpg,9
3477.jpg,22
3478.jpg,22
3479.jpg,10
3480.jpg,8
3481.jpg,2
3482.jpg,19
3483.jpg,12
3484.jpg,16
3485.jpg,17
3486.jpg,15
3487.jpg,6
3488.jpg,10
3489.jpg,22
3490.jpg,18
3491.jpg,10
3492.jpg,12
3493.jpg,16
3494.jpg,9
3495.jpg,1
3496.jpg,21
3497.jpg,5
3498.jpg,6
3499.jpg,19
3500.jpg,21
3501.jpg,16
3502.jpg,1
3503.jpg,16
3504.jpg,19
3505.jpg,21
3506.jpg,14
3507.jpg,4
3508.jpg,3
3509.jpg,21
3510.jpg,3
3511.jpg,13
3512.jpg,16
3513.jpg,21
3514.jpg,12
3515.jpg,3
3516.jpg,22
3517.jpg,21
3518.jpg,7
3519.jpg,12
3520.jpg,5
3521.jpg,2
3522.jpg,8
3523.jpg,14
3524.jpg,14
3525.jpg,19
3526.jpg,11
3527.jpg,11
3528.jpg,9
3529.jpg,5
3530.jpg,22
3531.jpg,10
3532.jpg,11
3533.jpg,10
3534.jpg,10
3535.jpg,2
3536.jpg,19
3537.jpg,13
3538.jpg,5
3539.jpg,4
3540.jpg,6
3541.jpg,10
3542.jpg,15
3544.jpg,21
3545.jpg,11
3546.jpg,3
3547.jpg,10
3548.jpg,8
3549.jpg,22
3550.jpg,21
3551.jpg,10
3552.jpg,9
3553.jpg,6
3554.jpg,9
3555.jpg,21
3556.jpg,5
3557.jpg,13
3558.jpg,8
3559.jpg,8
3560.jpg,2
3561.jpg,12
3562.jpg,4
3563.jpg,5
3564.jpg,7
3565.jpg,21
3566.jpg,5
3567.jpg,6
3568.jpg,14
3569.jpg,16
3570.jpg,8
3571.jpg,19
3572.jpg,19
3573.jpg,15
3574.jpg,14
3575.jpg,13
3576.jpg,1
3577.jpg,15
3578.jpg,6
3579.jpg,1
3580.jpg,3
3581.jpg,14
3582.jpg,4
3583.jpg,8
3584.jpg,18
3585.jpg,9
3586.jpg,15
3587.jpg,5
3588.jpg,6
3589.jpg,10
3590.jpg,2
3591.jpg,14
3592.jpg,10
3593.jpg,13
3594.jpg,15
3595.jpg,14
3596.jpg,15
3597.jpg,2
3598.jpg,3
3599.jpg,19
3600.jpg,21
3601.jpg,9
3603.jpg,6
3604.jpg,11
3605.jpg,16
3606.jpg,15
3607.jpg,18
3608.jpg,3
3609.jpg,4
3610.jpg,11
3611.jpg,12
3612.jpg,6
3613.jpg,7
3614.jpg,12
3615.jpg,4
3616.jpg,15
3617.jpg,6
3618.jpg,3
3619.jpg,11
3620.jpg,7
3621.jpg,21
3622.jpg,4
3623.jpg,8
3624.jpg,14
3625.jpg,12
3626.jpg,22
3627.jpg,5
3628.jpg,13
3629.jpg,22
3630.jpg,1
3631.jpg,18
3632.jpg,7
3633.jpg,21
3634.jpg,10
3635.jpg,19
3636.jpg,3
3637.jpg,12
3638.jpg,6
3639.jpg,21
3640.jpg,1
3641.jpg,3
3642.jpg,17
3643.jpg,21
3644.jpg,9
3645.jpg,3
3646.jpg,4
3647.jpg,7
3648.jpg,3
3649.jpg,16
3650.jpg,4
3651.jpg,2
3652.jpg,7
3653.jpg,17
3654.jpg,21
3655.jpg,6
3656.jpg,22
3658.jpg,21
3659.jpg,10
3660.jpg,1
3661.jpg,8
3662.jpg,14
3663.jpg,6
3664.jpg,7
3665.jpg,16
3666.jpg,13
3667.jpg,19
3668.jpg,8
3669.jpg,7
3670.jpg,18
3671.jpg,15
3672.jpg,16
3673.jpg,7
3674.jpg,6
3675.jpg,10
3677.jpg,7
3678.jpg,8
3679.jpg,22
3680.jpg,5
3681.jpg,22
3682.jpg,10
3683.jpg,7
3684.jpg,17
3685.jpg,11
3686.jpg,16
3687.jpg,11
3688.jpg,22
3689.jpg,18
3690.jpg,8
3691.jpg,16
3692.jpg,6
3693.jpg,2
3694.jpg,20
3695.jpg,19
3696.jpg,15
3697.jpg,20
3698.jpg,9
3699.jpg,21
3700.jpg,22
3701.jpg,6
3702.jpg,2
3703.jpg,15
3704.jpg,2
3705.jpg,12
3706.jpg,7
3707.jpg,22
3708.jpg,11
3709.jpg,9
3710.jpg,1
3711.jpg,10
3712.jpg,16
3713.jpg,11
3714.jpg,5
3715.jpg,20
3716.jpg,15
3717.jpg,9
3718.jpg,13
3719.jpg,19
3720.jpg,21
3721.jpg,2
3722.jpg,19
3723.jpg,13
3724.jpg,5
3725.jpg,19
3726.jpg,6
3727.jpg,4
3728.jpg,12
3729.jpg,6
3730.jpg,10
3731.jpg,7
3732.jpg,2
3733.jpg,1
3734.jpg,10
3735.jpg,13
3736.jpg,7
3737.jpg,15
3738.jpg,3
3739.jpg,21
3740.jpg,22
3741.jpg,16
3742.jpg,14
3743.jpg,9
3744.jpg,6
3745.jpg,18
3746.jpg,10
3747.jpg,16
3748.jpg,21
3749.jpg,21
3750.jpg,12
3751.jpg,18
3752.jpg,21
3753.jpg,18
3754.jpg,20
3755.jpg,4
3756.jpg,17
3757.jpg,11
3758.jpg,2
3759.jpg,5
3760.jpg,14
3761.jpg,15
3762.jpg,18
3763.jpg,16
3764.jpg,15
3765.jpg,8
3766.jpg,9
3767.jpg,12
3768.jpg,1
3769.jpg,2
3770.jpg,16
3771.jpg,13
3772.jpg,21
3773.jpg,13
3774.jpg,18
3775.jpg,16
3776.jpg,2
3777.jpg,7
3778.jpg,7
3779.jpg,5
3780.jpg,22
3781.jpg,3
3782.jpg,13
3783.jpg,18
3784.jpg,7
3785.jpg,11
3786.jpg,6
3787.jpg,10
3788.jpg,4
3789.jpg,22
3790.jpg,4
3791.jpg,1
3792.jpg,9
3793.jpg,13
3794.jpg,10
3795.jpg,21
3796.jpg,21
3797.jpg,3
3798.jpg,19
3799.jpg,4
3800.jpg,19
3801.jpg,1
3802.jpg,19
3803.jpg,20
3804.jpg,8
3805.jpg,15
3806.jpg,11
3807.jpg,4
3808.jpg,14
3809.jpg,10
3810.jpg,13
3811.jpg,10
3812.jpg,13
3813.jpg,11
3814.jpg,21
3815.jpg,11
3816.jpg,22
3817.jpg,22
3818.jpg,11
3819.jpg,3
3820.jpg,12
3821.jpg,20
3822.jpg,4
3823.jpg,5
3824.jpg,2
3825.jpg,17
3826.jpg,1
3827.jpg,16
3828.jpg,12
3829.jpg,3
3830.jpg,15
3831.jpg,19
3832.jpg,22
3833.jpg,9
3834.jpg,19
3835.jpg,5
3836.jpg,17
3837.jpg,17
3838.jpg,5
3839.jpg,5
3840.jpg,6
3841.jpg,12
3842.jpg,15
3843.jpg,18
3844.jpg,18
3845.jpg,14
3846.jpg,5
3848.jpg,16
3849.jpg,10
3850.jpg,5
3851.jpg,3
3852.jpg,19
3853.jpg,15
3854.jpg,19
3855.jpg,4
3856.jpg,20
3857.jpg,16
3858.jpg,7
3859.jpg,19
3860.jpg,3
3861.jpg,9
3862.jpg,5
3863.jpg,19
3864.jpg,9
3865.jpg,15
3866.jpg,7
3867.jpg,3
3868.jpg,11
3869.jpg,15
3870.jpg,2
3871.jpg,16
3872.jpg,7
3873.jpg,22
3874.jpg,22
3875.jpg,5
3876.jpg,11
3877.jpg,1
3878.jpg,16
3879.jpg,19
3880.jpg,3
3881.jpg,15
3882.jpg,1
3883.jpg,8
3884.jpg,17
3885.jpg,17
3886.jpg,20
3887.jpg,22
3888.jpg,6
3889.jpg,1
3890.jpg,6
3891.jpg,5
3892.jpg,6
3893.jpg,18
3894.jpg,8
3895.jpg,21
3896.jpg,5
3897.jpg,10
3898.jpg,18
3899.jpg,2
3900.jpg,8
3901.jpg,12
3902.jpg,7
3903.jpg,13
3904.jpg,15
3905.jpg,13
3906.jpg,14
3907.jpg,3
3908.jpg,8
3909.jpg,20
3910.jpg,9
3911.jpg,19
3912.jpg,19
3913.jpg,16
3914.jpg,22
3915.jpg,1
3916.jpg,22
3917.jpg,10
3918.jpg,16
3919.jpg,21
3920.jpg,8
3921.jpg,15
3922.jpg,8
3923.jpg,4
3924.jpg,14
3925.jpg,1
3926.jpg,13
3927.jpg,18
3928.jpg,2
3929.jpg,17
3930.jpg,11
3931.jpg,18
3932.jpg,2
3933.jpg,8
3934.jpg,13
3935.jpg,18
3936.jpg,8
3937.jpg,16
3938.jpg,7
3939.jpg,22
3940.jpg,1
3941.jpg,16
3942.jpg,15
3943.jpg,10
3944.jpg,6
3945.jpg,6
3946.jpg,3
3947.jpg,13
3948.jpg,9
3949.jpg,18
3950.jpg,9
3951.jpg,21
3952.jpg,16
3953.jpg,15
3954.jpg,18
3955.jpg,22
3956.jpg,22
3957.jpg,15
3958.jpg,18
3959.jpg,14
3960.jpg,14
3962.jpg,2
3963.jpg,4
3964.jpg,5
3965.jpg,1
3966.jpg,4
3967.jpg,11
3968.jpg,8
3969.jpg,15
3970.jpg,8
3971.jpg,13
3972.jpg,2
3973.jpg,2
3974.jpg,20
3975.jpg,13
3976.jpg,2
3977.jpg,14
3978.jpg,8
3979.jpg,9
3980.jpg,18
3981.jpg,1
3982.jpg,12
3983.jpg,19
3984.jpg,15
3985.jpg,12
3986.jpg,11
3987.jpg,16
3988.jpg,10
3989.jpg,13
3990.jpg,1
3991.jpg,13
3992.jpg,8
3993.jpg,20
3994.jpg,11
3995.jpg,22
3996.jpg,21
3997.jpg,4
3998.jpg,10
3999.jpg,1
4000.jpg,11
4001.jpg,21
4002.jpg,8
4003.jpg,16
4004.jpg,7
4005.jpg,13
4006.jpg,11
4007.jpg,15
4008.jpg,18
4009.jpg,4
4010.jpg,3
4011.jpg,4
4012.jpg,12
4013.jpg,11
4014.jpg,19
4015.jpg,18
4016.jpg,12
4017.jpg,8
4018.jpg,11
4019.jpg,2
4020.jpg,15
4021.jpg,3
4022.jpg,10
4023.jpg,18
4024.jpg,8
4025.jpg,4
4026.jpg,15
4027.jpg,5
4028.jpg,13
4029.jpg,13
4030.jpg,6
4031.jpg,11
4032.jpg,2
4033.jpg,5
4034.jpg,22
4035.jpg,15
4036.jpg,1
4037.jpg,3
4038.jpg,11
4039.jpg,15
4040.jpg,15
4041.jpg,10
4042.jpg,20
4043.jpg,19
4044.jpg,17
4045.jpg,17
4046.jpg,21
4047.jpg,12
4048.jpg,9
4049.jpg,6
4050.jpg,8
4051.jpg,11
4052.jpg,13
4053.jpg,13
4054.jpg,8
4055.jpg,5
4056.jpg,18
4057.jpg,5
4058.jpg,22
4059.jpg,19
4060.jpg,11
4061.jpg,11
4062.jpg,19
4063.jpg,3
4064.jpg,10
4065.jpg,17
4066.jpg,6
4067.jpg,16
4068.jpg,15
4069.jpg,7
4071.jpg,1
4072.jpg,9
4073.jpg,21
4074.jpg,18
4075.jpg,7
4076.jpg,20
4077.jpg,16
4078.jpg,17
4079.jpg,12
4080.jpg,21
4081.jpg,8
4082.jpg,21
4083.jpg,19
4084.jpg,13
4085.jpg,21
4086.jpg,19
4087.jpg,22
4088.jpg,9
4089.jpg,17
4090.jpg,19
4092.jpg,8
4093.jpg,15
4094.jpg,19
4095.jpg,22
4096.jpg,14
4097.jpg,10
4098.jpg,5
4099.jpg,17
4100.jpg,6
4101.jpg,16
4102.jpg,18
4103.jpg,5
4104.jpg,5
